record_id,sample_id,batch_id,material_pair,context_id,data_kind,source_ref,partition,elapsed_time_s,response_um
S-0-0-0,S-0,SB-0,SYNTHETIC-A / SYNTHETIC-B,synthetic-context-003,synthetic_demo,synthetic Gaussian moment fixture,fit,0.0,50.09368364
S-0-0-1,S-0,SB-0,SYNTHETIC-A / SYNTHETIC-B,synthetic-context-003,synthetic_demo,synthetic Gaussian moment fixture,fit,0.0,50.06285637
S-0-1-0,S-0,SB-0,SYNTHETIC-A / SYNTHETIC-B,synthetic-context-003,synthetic_demo,synthetic Gaussian moment fixture,fit,2.0,51.68492892
S-0-1-1,S-0,SB-0,SYNTHETIC-A / SYNTHETIC-B,synthetic-context-003,synthetic_demo,synthetic Gaussian moment fixture,fit,2.0,51.69036372
S-0-2-0,S-0,SB-0,SYNTHETIC-A / SYNTHETIC-B,synthetic-context-003,synthetic_demo,synthetic Gaussian moment fixture,fit,4.0,53.22748321
S-0-2-1,S-0,SB-0,SYNTHETIC-A / SYNTHETIC-B,synthetic-context-003,synthetic_demo,synthetic Gaussian moment fixture,fit,4.0,53.24030178
S-0-3-0,S-0,SB-0,SYNTHETIC-A / SYNTHETIC-B,synthetic-context-003,synthetic_demo,synthetic Gaussian moment fixture,fit,6.0,54.75905919
S-0-3-1,S-0,SB-0,SYNTHETIC-A / SYNTHETIC-B,synthetic-context-003,synthetic_demo,synthetic Gaussian moment fixture,fit,6.0,54.77261759
S-0-4-0,S-0,SB-0,SYNTHETIC-A / SYNTHETIC-B,synthetic-context-003,synthetic_demo,synthetic Gaussian moment fixture,fit,8.0,56.1092669
S-0-4-1,S-0,SB-0,SYNTHETIC-A / SYNTHETIC-B,synthetic-context-003,synthetic_demo,synthetic Gaussian moment fixture,fit,8.0,56.16398443
S-1-0-0,S-1,SB-1,SYNTHETIC-A / SYNTHETIC-B,synthetic-context-003,synthetic_demo,synthetic Gaussian moment fixture,fit,0.0,49.86588429
S-1-0-1,S-1,SB-1,SYNTHETIC-A / SYNTHETIC-B,synthetic-context-003,synthetic_demo,synthetic Gaussian moment fixture,fit,0.0,49.90695968
S-1-1-0,S-1,SB-1,SYNTHETIC-A / SYNTHETIC-B,synthetic-context-003,synthetic_demo,synthetic Gaussian moment fixture,fit,2.0,51.47420127
S-1-1-1,S-1,SB-1,SYNTHETIC-A / SYNTHETIC-B,synthetic-context-003,synthetic_demo,synthetic Gaussian moment fixture,fit,2.0,51.48788846
S-1-2-0,S-1,SB-1,SYNTHETIC-A / SYNTHETIC-B,synthetic-context-003,synthetic_demo,synthetic Gaussian moment fixture,fit,4.0,52.98945557
S-1-2-1,S-1,SB-1,SYNTHETIC-A / SYNTHETIC-B,synthetic-context-003,synthetic_demo,synthetic Gaussian moment fixture,fit,4.0,53.0038327
S-1-3-0,S-1,SB-1,SYNTHETIC-A / SYNTHETIC-B,synthetic-context-003,synthetic_demo,synthetic Gaussian moment fixture,fit,6.0,54.45584741
S-1-3-1,S-1,SB-1,SYNTHETIC-A / SYNTHETIC-B,synthetic-context-003,synthetic_demo,synthetic Gaussian moment fixture,fit,6.0,54.47755561
S-1-4-0,S-1,SB-1,SYNTHETIC-A / SYNTHETIC-B,synthetic-context-003,synthetic_demo,synthetic Gaussian moment fixture,fit,8.0,55.91013942
S-1-4-1,S-1,SB-1,SYNTHETIC-A / SYNTHETIC-B,synthetic-context-003,synthetic_demo,synthetic Gaussian moment fixture,fit,8.0,55.96237772
S-2-0-0,S-2,SB-2,SYNTHETIC-A / SYNTHETIC-B,synthetic-context-003,synthetic_demo,synthetic Gaussian moment fixture,fit,0.0,49.96126093
S-2-0-1,S-2,SB-2,SYNTHETIC-A / SYNTHETIC-B,synthetic-context-003,synthetic_demo,synthetic Gaussian moment fixture,fit,0.0,49.99133576
S-2-1-0,S-2,SB-2,SYNTHETIC-A / SYNTHETIC-B,synthetic-context-003,synthetic_demo,synthetic Gaussian moment fixture,fit,2.0,51.47349268
S-2-1-1,S-2,SB-2,SYNTHETIC-A / SYNTHETIC-B,synthetic-context-003,synthetic_demo,synthetic Gaussian moment fixture,fit,2.0,51.50719641
S-2-2-0,S-2,SB-2,SYNTHETIC-A / SYNTHETIC-B,synthetic-context-003,synthetic_demo,synthetic Gaussian moment fixture,fit,4.0,53.0453309
S-2-2-1,S-2,SB-2,SYNTHETIC-A / SYNTHETIC-B,synthetic-context-003,synthetic_demo,synthetic Gaussian moment fixture,fit,4.0,53.07270224
S-2-3-0,S-2,SB-2,SYNTHETIC-A / SYNTHETIC-B,synthetic-context-003,synthetic_demo,synthetic Gaussian moment fixture,fit,6.0,54.59414575
S-2-3-1,S-2,SB-2,SYNTHETIC-A / SYNTHETIC-B,synthetic-context-003,synthetic_demo,synthetic Gaussian moment fixture,fit,6.0,54.53015637
S-2-4-0,S-2,SB-2,SYNTHETIC-A / SYNTHETIC-B,synthetic-context-003,synthetic_demo,synthetic Gaussian moment fixture,fit,8.0,56.03395464
S-2-4-1,S-2,SB-2,SYNTHETIC-A / SYNTHETIC-B,synthetic-context-003,synthetic_demo,synthetic Gaussian moment fixture,fit,8.0,55.99556086
S-3-0-0,S-3,SB-3,SYNTHETIC-A / SYNTHETIC-B,synthetic-context-003,synthetic_demo,synthetic Gaussian moment fixture,fit,0.0,50.12634284
S-3-0-1,S-3,SB-3,SYNTHETIC-A / SYNTHETIC-B,synthetic-context-003,synthetic_demo,synthetic Gaussian moment fixture,fit,0.0,50.13638307
S-3-1-0,S-3,SB-3,SYNTHETIC-A / SYNTHETIC-B,synthetic-context-003,synthetic_demo,synthetic Gaussian moment fixture,fit,2.0,51.69379551
S-3-1-1,S-3,SB-3,SYNTHETIC-A / SYNTHETIC-B,synthetic-context-003,synthetic_demo,synthetic Gaussian moment fixture,fit,2.0,51.72103674
S-3-2-0,S-3,SB-3,SYNTHETIC-A / SYNTHETIC-B,synthetic-context-003,synthetic_demo,synthetic Gaussian moment fixture,fit,4.0,53.21289998
S-3-2-1,S-3,SB-3,SYNTHETIC-A / SYNTHETIC-B,synthetic-context-003,synthetic_demo,synthetic Gaussian moment fixture,fit,4.0,53.21536457
S-3-3-0,S-3,SB-3,SYNTHETIC-A / SYNTHETIC-B,synthetic-context-003,synthetic_demo,synthetic Gaussian moment fixture,fit,6.0,54.72566221
S-3-3-1,S-3,SB-3,SYNTHETIC-A / SYNTHETIC-B,synthetic-context-003,synthetic_demo,synthetic Gaussian moment fixture,fit,6.0,54.6898612
S-3-4-0,S-3,SB-3,SYNTHETIC-A / SYNTHETIC-B,synthetic-context-003,synthetic_demo,synthetic Gaussian moment fixture,fit,8.0,56.14649452
S-3-4-1,S-3,SB-3,SYNTHETIC-A / SYNTHETIC-B,synthetic-context-003,synthetic_demo,synthetic Gaussian moment fixture,fit,8.0,56.20744178
S-4-0-0,S-4,SB-4,SYNTHETIC-A / SYNTHETIC-B,synthetic-context-003,synthetic_demo,synthetic Gaussian moment fixture,fit,0.0,50.00043131
S-4-0-1,S-4,SB-4,SYNTHETIC-A / SYNTHETIC-B,synthetic-context-003,synthetic_demo,synthetic Gaussian moment fixture,fit,0.0,50.05056069
S-4-1-0,S-4,SB-4,SYNTHETIC-A / SYNTHETIC-B,synthetic-context-003,synthetic_demo,synthetic Gaussian moment fixture,fit,2.0,51.62550873
S-4-1-1,S-4,SB-4,SYNTHETIC-A / SYNTHETIC-B,synthetic-context-003,synthetic_demo,synthetic Gaussian moment fixture,fit,2.0,51.58550264
S-4-2-0,S-4,SB-4,SYNTHETIC-A / SYNTHETIC-B,synthetic-context-003,synthetic_demo,synthetic Gaussian moment fixture,fit,4.0,53.12511107
S-4-2-1,S-4,SB-4,SYNTHETIC-A / SYNTHETIC-B,synthetic-context-003,synthetic_demo,synthetic Gaussian moment fixture,fit,4.0,53.16670875
S-4-3-0,S-4,SB-4,SYNTHETIC-A / SYNTHETIC-B,synthetic-context-003,synthetic_demo,synthetic Gaussian moment fixture,fit,6.0,54.60351523
S-4-3-1,S-4,SB-4,SYNTHETIC-A / SYNTHETIC-B,synthetic-context-003,synthetic_demo,synthetic Gaussian moment fixture,fit,6.0,54.58896542
S-4-4-0,S-4,SB-4,SYNTHETIC-A / SYNTHETIC-B,synthetic-context-003,synthetic_demo,synthetic Gaussian moment fixture,fit,8.0,55.99282627
S-4-4-1,S-4,SB-4,SYNTHETIC-A / SYNTHETIC-B,synthetic-context-003,synthetic_demo,synthetic Gaussian moment fixture,fit,8.0,56.02135387
S-5-0-0,S-5,SB-5,SYNTHETIC-A / SYNTHETIC-B,synthetic-context-003,synthetic_demo,synthetic Gaussian moment fixture,holdout,1.0,50.76447234
S-5-0-1,S-5,SB-5,SYNTHETIC-A / SYNTHETIC-B,synthetic-context-003,synthetic_demo,synthetic Gaussian moment fixture,holdout,1.0,50.74922382
S-5-1-0,S-5,SB-5,SYNTHETIC-A / SYNTHETIC-B,synthetic-context-003,synthetic_demo,synthetic Gaussian moment fixture,holdout,3.0,52.36078027
S-5-1-1,S-5,SB-5,SYNTHETIC-A / SYNTHETIC-B,synthetic-context-003,synthetic_demo,synthetic Gaussian moment fixture,holdout,3.0,52.3076975
S-5-2-0,S-5,SB-5,SYNTHETIC-A / SYNTHETIC-B,synthetic-context-003,synthetic_demo,synthetic Gaussian moment fixture,holdout,5.0,53.80499182
S-5-2-1,S-5,SB-5,SYNTHETIC-A / SYNTHETIC-B,synthetic-context-003,synthetic_demo,synthetic Gaussian moment fixture,holdout,5.0,53.88886922
S-5-3-0,S-5,SB-5,SYNTHETIC-A / SYNTHETIC-B,synthetic-context-003,synthetic_demo,synthetic Gaussian moment fixture,holdout,7.0,55.3354133
S-5-3-1,S-5,SB-5,SYNTHETIC-A / SYNTHETIC-B,synthetic-context-003,synthetic_demo,synthetic Gaussian moment fixture,holdout,7.0,55.22844731
S-6-0-0,S-6,SB-6,SYNTHETIC-A / SYNTHETIC-B,synthetic-context-003,synthetic_demo,synthetic Gaussian moment fixture,holdout,1.0,51.04779382
S-6-0-1,S-6,SB-6,SYNTHETIC-A / SYNTHETIC-B,synthetic-context-003,synthetic_demo,synthetic Gaussian moment fixture,holdout,1.0,51.00177553
S-6-1-0,S-6,SB-6,SYNTHETIC-A / SYNTHETIC-B,synthetic-context-003,synthetic_demo,synthetic Gaussian moment fixture,holdout,3.0,52.50169981
S-6-1-1,S-6,SB-6,SYNTHETIC-A / SYNTHETIC-B,synthetic-context-003,synthetic_demo,synthetic Gaussian moment fixture,holdout,3.0,52.50028723
S-6-2-0,S-6,SB-6,SYNTHETIC-A / SYNTHETIC-B,synthetic-context-003,synthetic_demo,synthetic Gaussian moment fixture,holdout,5.0,54.08446417
S-6-2-1,S-6,SB-6,SYNTHETIC-A / SYNTHETIC-B,synthetic-context-003,synthetic_demo,synthetic Gaussian moment fixture,holdout,5.0,54.08322495
S-6-3-0,S-6,SB-6,SYNTHETIC-A / SYNTHETIC-B,synthetic-context-003,synthetic_demo,synthetic Gaussian moment fixture,holdout,7.0,55.52800901
S-6-3-1,S-6,SB-6,SYNTHETIC-A / SYNTHETIC-B,synthetic-context-003,synthetic_demo,synthetic Gaussian moment fixture,holdout,7.0,55.49297939
