speed_mm_s,delay_s,inside_training_domain,predicted_response_um
5.0,1.0,True,480.46574924750695
5.0,1.25,True,482.0392138307781
5.0,1.5,True,483.79967437355197
5.0,1.75,True,485.7471308758285
5.0,2.0,True,487.8815833376076
5.0,2.25,True,490.2030317588893
5.0,2.5,True,492.71147613967366
5.0,2.75,True,495.40691647996067
5.0,3.0,True,498.2893527797503
5.0,3.25,True,501.3587850390426
5.0,3.5,True,504.6152132578374
5.0,3.75,True,508.058637436135
5.0,4.0,True,511.6890575739351
5.0,4.25,True,515.5064736712379
5.0,4.5,True,519.5108857280433
5.0,4.75,True,523.7022937443513
5.0,5.0,True,528.080697720162
5.5,1.0,True,476.20133324126186
5.5,1.25,True,477.82500087803777
5.5,1.5,True,479.6356644743163
5.5,1.75,True,481.6333240300974
5.5,2.0,True,483.8179795453812
5.5,2.25,True,486.1896310201676
5.5,2.5,True,488.7482784544567
5.5,2.75,True,491.4939218482483
5.5,3.0,True,494.4265612015426
5.5,3.25,True,497.54619651433956
5.5,3.5,True,500.8528277866391
5.5,3.75,True,504.3464550184413
5.5,4.0,True,508.02707820974615
5.5,4.25,True,511.89469736055355
5.5,4.5,True,515.9493124708637
5.5,4.75,True,520.1909235406764
5.5,5.0,True,524.6195305699918
6.0,1.0,True,472.18411731801746
6.0,1.25,True,473.857988008298
6.0,1.5,True,475.71885465808117
6.0,1.75,True,477.766717267367
6.0,2.0,True,480.00157583615544
6.0,2.25,True,482.4234303644466
6.0,2.5,True,485.03228085224026
6.0,2.75,True,487.8281272995366
6.0,3.0,True,490.8109697063356
6.0,3.25,True,493.98080807263716
6.0,3.5,True,497.3376423984414
6.0,3.75,True,500.88147268374826
6.0,4.0,True,504.6122989285578
6.0,4.25,True,508.5301211328699
6.0,4.5,True,512.6349392966846
6.0,4.75,True,516.926753420002
6.0,5.0,True,521.405563502822
6.5,1.0,True,468.4141014777736
6.5,1.25,True,470.13817522155887
6.5,1.5,True,472.04924492484673
6.5,1.75,True,474.1473105876372
6.5,2.0,True,476.43237220993035
6.5,2.25,True,478.9044297917261
6.5,2.5,True,481.56348333302446
6.5,2.75,True,484.4095328338255
6.5,3.0,True,487.44257829412913
6.5,3.25,True,490.6626197139354
6.5,3.5,True,494.0696570932443
6.5,3.75,True,497.66369043205583
6.5,4.0,True,501.44471973037
6.5,4.25,True,505.41274498818683
6.5,4.5,True,509.56776620550625
6.5,4.75,True,513.9097833823283
6.5,5.0,True,518.438796518653
7.0,1.0,True,464.8912857205304
7.0,1.25,True,466.6655625178203
7.0,1.5,True,468.62683527461286
7.0,1.75,True,470.775103990908
7.0,2.0,True,473.1103686667058
7.0,2.25,True,475.63262930200625
7.0,2.5,True,478.3418858968093
7.0,2.75,True,481.238138451115
7.0,3.0,True,484.3213869649233
7.0,3.25,True,487.59163143823423
7.0,3.5,True,491.0488718710478
7.0,3.75,True,494.693108263364
7.0,4.0,True,498.5243406151829
7.0,4.25,True,502.5425689265044
7.0,4.5,True,506.74779319732846
7.0,4.75,True,511.14001342765516
7.0,5.0,True,515.7192296174845
7.5,1.0,True,461.6156700462878
7.5,1.25,True,463.4401498970824
7.5,1.5,True,465.4516257073796
7.5,1.75,True,467.65009747717943
7.5,2.0,True,470.0355652064819
7.5,2.25,True,472.608028895287
7.5,2.5,True,475.36748854359473
7.5,2.75,True,478.3139441514051
7.5,3.0,True,481.4473957187181
7.5,3.25,True,484.7678432455337
7.5,3.5,True,488.27528673185196
7.5,3.75,True,491.96972617767284
7.5,4.0,True,495.8511615829964
7.5,4.25,True,499.91959294782254
7.5,4.5,True,504.1750202721513
7.5,4.75,True,508.6174435559827
7.5,5.0,True,513.2468627993168
8.0,1.0,True,458.5872544550458
8.0,1.25,True,460.4619373593451
8.0,1.5,True,462.523616223147
8.0,1.75,True,464.77229104645147
8.0,2.0,True,467.20796182925864
8.0,2.25,True,469.8306285715684
8.0,2.5,True,472.6402912733808
8.0,2.75,True,475.63694993469585
8.0,3.0,True,478.8206045555135
8.0,3.25,True,482.1912551358338
8.0,3.5,True,485.7489016756567
8.0,3.75,True,489.4935441749823
8.0,4.0,True,493.42518263381044
8.0,4.25,True,497.54381705214126
8.0,4.5,True,501.8494474299747
8.0,4.75,True,506.3420737673108
8.0,5.0,True,511.0216960641495
8.5,1.0,True,455.80603894680445
8.5,1.25,True,457.73092490460834
8.5,1.5,True,459.8428068219149
8.5,1.75,True,462.14168469872413
8.5,2.0,True,464.6275585350359
8.5,2.25,True,467.30042833085037
8.5,2.5,True,470.1602940861675
8.5,2.75,True,473.20715580098715
8.5,3.0,True,476.4410134753095
8.5,3.25,True,479.8618671091345
8.5,3.5,True,483.4697167024621
8.5,3.75,True,487.26456225529233
8.5,4.0,True,491.24640376762517
8.5,4.25,True,495.41524123946067
8.5,4.5,True,499.7710746707988
8.5,4.75,True,504.31390406163956
8.5,5.0,True,509.0437294119829
9.0,1.0,True,453.2720235215637
9.0,1.25,True,455.2471125328723
9.0,1.5,True,457.4091975036835
9.0,1.75,True,459.75827843399736
9.0,2.0,True,462.2943553238139
9.0,2.25,True,465.017428173133
9.0,2.5,True,467.92749698195473
9.0,2.75,True,471.02456175027913
9.0,3.0,True,474.30862247810614
9.0,3.25,True,477.7796791654358
9.0,3.5,True,481.43773181226805
9.0,3.75,True,485.28278041860295
9.0,4.0,True,489.3148249844405
9.0,4.25,True,493.5338655097807
9.0,4.5,True,497.9399019946235
9.0,4.75,True,502.5329344389689
9.0,5.0,True,507.31296284281694
9.5,1.0,True,450.98520817932354
9.5,1.25,True,453.01050024413684
9.5,1.5,True,455.22278826845275
9.5,1.75,True,457.62207225227127
9.5,2.0,True,460.20835219559245
9.5,2.25,True,462.98162809841625
9.5,2.5,True,465.94189996074266
9.5,2.75,True,469.08916778257174
9.5,3.0,True,472.4234315639034
9.5,3.25,True,475.9446913047377
9.5,3.5,True,479.6529470050747
9.5,3.75,True,483.54819866491425
9.5,4.0,True,487.63044628425644
9.5,4.25,True,491.8996898631013
9.5,4.5,True,496.35592940144875
9.5,4.75,True,500.9991648992989
9.5,5.0,True,505.82939635665156
10.0,1.0,True,448.94559292008404
10.0,1.25,True,451.02108803840196
10.0,1.5,True,453.28357911622254
10.0,1.75,True,455.73306615354574
10.0,2.0,True,458.3695491503716
10.0,2.25,True,461.19302810670007
10.0,2.5,True,464.20350302253115
10.0,2.75,True,467.4009738978649
10.0,3.0,True,470.78544073270126
10.0,3.25,True,474.35690352704023
10.0,3.5,True,478.11536228088187
10.0,3.75,True,482.0608169942261
10.0,4.0,True,486.19326766707303
10.0,4.25,True,490.5127142994225
10.0,4.5,True,495.01915689127463
10.0,4.75,True,499.71259544262944
10.0,5.0,True,504.59302995348685
10.5,1.0,True,447.1531777438451
10.5,1.25,True,449.27887591566775
10.5,1.5,True,451.591570046993
10.5,1.75,True,454.0912601378209
10.5,2.0,True,456.77794618815136
10.5,2.25,True,459.6516281979845
10.5,2.5,True,462.7123061673203
10.5,2.75,True,465.9599800961587
10.5,3.0,True,469.3946499844997
10.5,3.25,True,473.0163158323434
10.5,3.5,True,476.8249776396897
10.5,3.75,True,480.8206354065386
10.5,4.0,True,485.0032891328902
10.5,4.25,True,489.3729388187444
10.5,4.5,True,493.9295844641012
10.5,4.75,True,498.6732260689606
10.5,5.0,True,503.6038636333227
11.0,1.0,True,445.6079626506068
11.0,1.25,True,447.7838638759341
11.0,1.5,True,450.14676106076405
11.0,1.75,True,452.6966542050966
11.0,2.0,True,455.4335433089318
11.0,2.25,True,458.3574283722696
11.0,2.5,True,461.46830939511005
11.0,2.75,True,464.7661863774531
11.0,3.0,True,468.2510593192988
11.0,3.25,True,471.9229282206472
11.0,3.5,True,475.7817930814981
11.0,3.75,True,479.82765390185176
11.0,4.0,True,484.06051068170797
11.0,4.25,True,488.48036342106684
11.0,4.5,True,493.0872121199283
11.0,4.75,True,497.8810567782924
11.0,5.0,True,502.8618973961592
11.5,1.0,True,444.30994764036916
11.5,1.25,True,446.5360519192011
11.5,1.5,True,448.9491521575357
11.5,1.75,True,451.5492483553729
11.5,2.0,True,454.3363405127128
11.5,2.25,True,457.3104286295553
11.5,2.5,True,460.4715127059004
11.5,2.75,True,463.8195927417482
11.5,3.0,True,467.35466873709856
11.5,3.25,True,471.07674069195156
11.5,3.5,True,474.9858086063072
11.5,3.75,True,479.0818724801655
11.5,4.0,True,483.36493231352637
11.5,4.25,True,487.8349881063899
11.5,4.5,True,492.4920398587561
11.5,4.75,True,497.33608757062484
11.5,5.0,True,502.3671312419963
12.0,1.0,True,443.2591327131321
12.0,1.25,True,445.5354400454687
12.0,1.5,True,447.998743337308
12.0,1.75,True,450.6490425886499
12.0,2.0,True,453.48633779949444
12.0,2.25,True,456.5106289698416
12.0,2.5,True,459.7219160996914
12.0,2.75,True,463.12019918904383
12.0,3.0,True,466.70547823789883
12.0,3.25,True,470.47775324625655
12.0,3.5,True,474.43702421411683
12.0,3.75,True,478.5832911414798
12.0,4.0,True,482.9165540283454
12.0,4.25,True,487.4368128747136
12.0,4.5,True,492.14406768058444
12.0,4.75,True,497.0383184459579
12.0,5.0,True,502.119565170834
12.5,1.0,True,442.45551786889564
12.5,1.25,True,444.78202825473693
12.5,1.5,True,447.2955346000809
12.5,1.75,True,449.99603690492745
12.5,2.0,True,452.8835351692767
12.5,2.25,True,455.9580293931285
12.5,2.5,True,459.219519576483
12.5,2.75,True,462.66800571934004
12.5,3.0,True,466.3034878216998
12.5,3.25,True,470.1259658835622
12.5,3.5,True,474.1354399049271
12.5,3.75,True,478.33190988579474
12.5,4.0,True,482.71537582616503
12.5,4.25,True,487.28583772603787
12.5,4.5,True,492.0432955854134
12.5,4.75,True,496.98774940429155
12.5,5.0,True,502.11919918267233
13.0,1.0,True,441.8991031076598
13.0,1.25,True,444.2758165470058
13.0,1.5,True,446.8395259458544
13.0,1.75,True,449.59023130420564
13.0,2.0,True,452.52793262205955
13.0,2.25,True,455.652629899416
13.0,2.5,True,458.9643231362752
13.0,2.75,True,462.46301233263694
13.0,3.0,True,466.14869748850134
13.0,3.25,True,470.02137860386836
13.0,3.5,True,474.08105567873804
13.0,3.75,True,478.32772871311033
13.0,4.0,True,482.76139770698524
13.0,4.25,True,487.3820626603628
13.0,4.5,True,492.189723573243
13.0,4.75,True,497.18438044562583
13.0,5.0,True,502.36603327751124
13.5,1.0,True,441.58988842942455
13.5,1.25,True,444.01680492227524
13.5,1.5,True,446.6307173746285
13.5,1.75,True,449.43162578648446
13.5,2.0,True,452.419530157843
13.5,2.25,True,455.5944304887042
13.5,2.5,True,458.956326779068
13.5,2.75,True,462.50521902893445
13.5,3.0,True,466.2411072383035
13.5,3.25,True,470.1639914071752
13.5,3.5,True,474.2738715355496
13.5,3.75,True,478.57074762342654
13.5,4.0,True,483.0546196708061
13.5,4.25,True,487.72548767768836
13.5,4.5,True,492.5833516440732
13.5,4.75,True,497.6282115699607
13.5,5.0,True,502.8600674553508
14.0,1.0,True,441.52787383418996
14.0,1.25,True,444.0049933805453
14.0,1.5,True,446.66910888640325
14.0,1.75,True,449.52022035176384
14.0,2.0,True,452.5583277766271
14.0,2.25,True,455.78343116099296
14.0,2.5,True,459.19553050486144
14.0,2.75,True,462.7946258082325
14.0,3.0,True,466.5807170711063
14.0,3.25,True,470.5538042934827
14.0,3.5,True,474.7138874753617
14.0,3.75,True,479.0609666167433
14.0,4.0,True,483.59504171762757
14.0,4.25,True,488.3161127780145
14.0,4.5,True,493.224179797904
14.0,4.75,True,498.31924277729615
14.0,5.0,True,503.60130171619096
14.5,1.0,True,441.71305932195594
14.5,1.25,True,444.240381921816
14.5,1.5,True,446.95470048117863
14.5,1.75,True,449.8560150000439
14.5,2.0,True,452.94432547841177
14.5,2.25,True,456.2196319162823
14.5,2.5,True,459.68193431365546
14.5,2.75,True,463.3312326705313
14.5,3.0,True,467.1675269869097
14.5,3.25,True,471.19081726279074
14.5,3.5,True,475.4011034981744
14.5,3.75,True,479.7983856930607
14.5,4.0,True,484.3826638474497
14.5,4.25,True,489.1539379613412
14.5,4.5,True,494.11220803473543
14.5,4.75,True,499.2574740676323
14.5,5.0,True,504.5897360600317
15.0,1.0,True,442.1454448927226
15.0,1.25,True,444.72297054608725
15.0,1.5,True,447.4874921589546
15.0,1.75,True,450.4390097313245
15.0,2.0,True,453.5775232631971
15.0,2.25,True,456.9030327545723
15.0,2.5,True,460.41553820545016
15.0,2.75,True,464.1150396158306
15.0,3.0,True,468.0015369857137
15.0,3.25,True,472.0750303150994
15.0,3.5,True,476.3355196039878
15.0,3.75,True,480.7830048523788
15.0,4.0,True,485.4174860602724
15.0,4.25,True,490.23896322766865
15.0,4.5,True,495.2474363545675
15.0,4.75,True,500.442905440969
15.0,5.0,True,505.82537048687317
