record_id,execution_id,sample_id,batch_id,material_pair,context_id,data_kind,source_ref,observable,response_unit,response_um,measured_at
R01-NEWREC-0-T03-0-0,R01-EX-0-T03-0,R01-NEW-0-T03-0,R01-FOLLOWUP-0,SYNTHETIC-A / SYNTHETIC-B,synthetic-context-003,synthetic_demo,"synthetic campaign, independent artificial response function",geometric_track_width_um,um,497.7374797183386,2026-10-01T12:01:13+00:00
R01-NEWREC-0-T03-0-1,R01-EX-0-T03-0,R01-NEW-0-T03-0,R01-FOLLOWUP-0,SYNTHETIC-A / SYNTHETIC-B,synthetic-context-003,synthetic_demo,"synthetic campaign, independent artificial response function",geometric_track_width_um,um,497.6681396012226,2026-10-01T12:01:14+00:00
R01-NEWREC-0-T03-1-0,R01-EX-0-T03-1,R01-NEW-0-T03-1,R01-FOLLOWUP-0,SYNTHETIC-A / SYNTHETIC-B,synthetic-context-003,synthetic_demo,"synthetic campaign, independent artificial response function",geometric_track_width_um,um,497.53634533154013,2026-10-01T12:01:14+00:00
R01-NEWREC-0-T03-1-1,R01-EX-0-T03-1,R01-NEW-0-T03-1,R01-FOLLOWUP-0,SYNTHETIC-A / SYNTHETIC-B,synthetic-context-003,synthetic_demo,"synthetic campaign, independent artificial response function",geometric_track_width_um,um,497.49345309164937,2026-10-01T12:01:15+00:00
R01-NEWREC-0-T01-0-0,R01-EX-0-T01-0,R01-NEW-0-T01-0,R01-FOLLOWUP-0,SYNTHETIC-A / SYNTHETIC-B,synthetic-context-003,synthetic_demo,"synthetic campaign, independent artificial response function",geometric_track_width_um,um,503.94971031808495,2026-10-01T12:01:16+00:00
R01-NEWREC-0-T01-0-1,R01-EX-0-T01-0,R01-NEW-0-T01-0,R01-FOLLOWUP-0,SYNTHETIC-A / SYNTHETIC-B,synthetic-context-003,synthetic_demo,"synthetic campaign, independent artificial response function",geometric_track_width_um,um,503.89474685757807,2026-10-01T12:01:17+00:00
R01-NEWREC-0-T01-1-0,R01-EX-0-T01-1,R01-NEW-0-T01-1,R01-FOLLOWUP-0,SYNTHETIC-A / SYNTHETIC-B,synthetic-context-003,synthetic_demo,"synthetic campaign, independent artificial response function",geometric_track_width_um,um,504.1768337305055,2026-10-01T12:01:17+00:00
R01-NEWREC-0-T01-1-1,R01-EX-0-T01-1,R01-NEW-0-T01-1,R01-FOLLOWUP-0,SYNTHETIC-A / SYNTHETIC-B,synthetic-context-003,synthetic_demo,"synthetic campaign, independent artificial response function",geometric_track_width_um,um,504.2935547319736,2026-10-01T12:01:18+00:00
R01-NEWREC-0-T02-0-0,R01-EX-0-T02-0,R01-NEW-0-T02-0,R01-FOLLOWUP-0,SYNTHETIC-A / SYNTHETIC-B,synthetic-context-003,synthetic_demo,"synthetic campaign, independent artificial response function",geometric_track_width_um,um,473.444209218321,2026-10-01T12:01:19+00:00
R01-NEWREC-0-T02-0-1,R01-EX-0-T02-0,R01-NEW-0-T02-0,R01-FOLLOWUP-0,SYNTHETIC-A / SYNTHETIC-B,synthetic-context-003,synthetic_demo,"synthetic campaign, independent artificial response function",geometric_track_width_um,um,473.43166926811716,2026-10-01T12:01:20+00:00
R01-NEWREC-0-T02-1-0,R01-EX-0-T02-1,R01-NEW-0-T02-1,R01-FOLLOWUP-0,SYNTHETIC-A / SYNTHETIC-B,synthetic-context-003,synthetic_demo,"synthetic campaign, independent artificial response function",geometric_track_width_um,um,474.2406543382231,2026-10-01T12:01:20+00:00
R01-NEWREC-0-T02-1-1,R01-EX-0-T02-1,R01-NEW-0-T02-1,R01-FOLLOWUP-0,SYNTHETIC-A / SYNTHETIC-B,synthetic-context-003,synthetic_demo,"synthetic campaign, independent artificial response function",geometric_track_width_um,um,474.2250241242146,2026-10-01T12:01:21+00:00
R01-NEWREC-1-T03-0-0,R01-EX-1-T03-0,R01-NEW-1-T03-0,R01-FOLLOWUP-1,SYNTHETIC-A / SYNTHETIC-B,synthetic-context-003,synthetic_demo,"synthetic campaign, independent artificial response function",geometric_track_width_um,um,497.20813955597237,2026-10-01T12:01:13+00:00
R01-NEWREC-1-T03-0-1,R01-EX-1-T03-0,R01-NEW-1-T03-0,R01-FOLLOWUP-1,SYNTHETIC-A / SYNTHETIC-B,synthetic-context-003,synthetic_demo,"synthetic campaign, independent artificial response function",geometric_track_width_um,um,497.1699400291211,2026-10-01T12:01:14+00:00
R01-NEWREC-1-T03-1-0,R01-EX-1-T03-1,R01-NEW-1-T03-1,R01-FOLLOWUP-1,SYNTHETIC-A / SYNTHETIC-B,synthetic-context-003,synthetic_demo,"synthetic campaign, independent artificial response function",geometric_track_width_um,um,497.94072018854166,2026-10-01T12:01:14+00:00
R01-NEWREC-1-T03-1-1,R01-EX-1-T03-1,R01-NEW-1-T03-1,R01-FOLLOWUP-1,SYNTHETIC-A / SYNTHETIC-B,synthetic-context-003,synthetic_demo,"synthetic campaign, independent artificial response function",geometric_track_width_um,um,497.933476581396,2026-10-01T12:01:15+00:00
R01-NEWREC-1-T01-0-0,R01-EX-1-T01-0,R01-NEW-1-T01-0,R01-FOLLOWUP-1,SYNTHETIC-A / SYNTHETIC-B,synthetic-context-003,synthetic_demo,"synthetic campaign, independent artificial response function",geometric_track_width_um,um,504.07278712235916,2026-10-01T12:01:16+00:00
R01-NEWREC-1-T01-0-1,R01-EX-1-T01-0,R01-NEW-1-T01-0,R01-FOLLOWUP-1,SYNTHETIC-A / SYNTHETIC-B,synthetic-context-003,synthetic_demo,"synthetic campaign, independent artificial response function",geometric_track_width_um,um,504.0283305525621,2026-10-01T12:01:17+00:00
R01-NEWREC-1-T01-1-0,R01-EX-1-T01-1,R01-NEW-1-T01-1,R01-FOLLOWUP-1,SYNTHETIC-A / SYNTHETIC-B,synthetic-context-003,synthetic_demo,"synthetic campaign, independent artificial response function",geometric_track_width_um,um,504.4494278477044,2026-10-01T12:01:17+00:00
R01-NEWREC-1-T01-1-1,R01-EX-1-T01-1,R01-NEW-1-T01-1,R01-FOLLOWUP-1,SYNTHETIC-A / SYNTHETIC-B,synthetic-context-003,synthetic_demo,"synthetic campaign, independent artificial response function",geometric_track_width_um,um,504.53670236181654,2026-10-01T12:01:18+00:00
R01-NEWREC-1-T02-0-0,R01-EX-1-T02-0,R01-NEW-1-T02-0,R01-FOLLOWUP-1,SYNTHETIC-A / SYNTHETIC-B,synthetic-context-003,synthetic_demo,"synthetic campaign, independent artificial response function",geometric_track_width_um,um,474.24279837716756,2026-10-01T12:01:19+00:00
R01-NEWREC-1-T02-0-1,R01-EX-1-T02-0,R01-NEW-1-T02-0,R01-FOLLOWUP-1,SYNTHETIC-A / SYNTHETIC-B,synthetic-context-003,synthetic_demo,"synthetic campaign, independent artificial response function",geometric_track_width_um,um,474.20030165735034,2026-10-01T12:01:20+00:00
R01-NEWREC-1-T02-1-0,R01-EX-1-T02-1,R01-NEW-1-T02-1,R01-FOLLOWUP-1,SYNTHETIC-A / SYNTHETIC-B,synthetic-context-003,synthetic_demo,"synthetic campaign, independent artificial response function",geometric_track_width_um,um,473.63684397522434,2026-10-01T12:01:20+00:00
R01-NEWREC-1-T02-1-1,R01-EX-1-T02-1,R01-NEW-1-T02-1,R01-FOLLOWUP-1,SYNTHETIC-A / SYNTHETIC-B,synthetic-context-003,synthetic_demo,"synthetic campaign, independent artificial response function",geometric_track_width_um,um,473.64319317510433,2026-10-01T12:01:21+00:00
R01-NEWREC-2-T03-0-0,R01-EX-2-T03-0,R01-NEW-2-T03-0,R01-FOLLOWUP-2,SYNTHETIC-A / SYNTHETIC-B,synthetic-context-003,synthetic_demo,"synthetic campaign, independent artificial response function",geometric_track_width_um,um,497.20504524046515,2026-10-01T12:01:13+00:00
R01-NEWREC-2-T03-0-1,R01-EX-2-T03-0,R01-NEW-2-T03-0,R01-FOLLOWUP-2,SYNTHETIC-A / SYNTHETIC-B,synthetic-context-003,synthetic_demo,"synthetic campaign, independent artificial response function",geometric_track_width_um,um,497.28216571261413,2026-10-01T12:01:14+00:00
R01-NEWREC-2-T03-1-0,R01-EX-2-T03-1,R01-NEW-2-T03-1,R01-FOLLOWUP-2,SYNTHETIC-A / SYNTHETIC-B,synthetic-context-003,synthetic_demo,"synthetic campaign, independent artificial response function",geometric_track_width_um,um,497.4964999945754,2026-10-01T12:01:14+00:00
R01-NEWREC-2-T03-1-1,R01-EX-2-T03-1,R01-NEW-2-T03-1,R01-FOLLOWUP-2,SYNTHETIC-A / SYNTHETIC-B,synthetic-context-003,synthetic_demo,"synthetic campaign, independent artificial response function",geometric_track_width_um,um,497.4851725682115,2026-10-01T12:01:15+00:00
R01-NEWREC-2-T01-0-0,R01-EX-2-T01-0,R01-NEW-2-T01-0,R01-FOLLOWUP-2,SYNTHETIC-A / SYNTHETIC-B,synthetic-context-003,synthetic_demo,"synthetic campaign, independent artificial response function",geometric_track_width_um,um,504.44364051781326,2026-10-01T12:01:16+00:00
R01-NEWREC-2-T01-0-1,R01-EX-2-T01-0,R01-NEW-2-T01-0,R01-FOLLOWUP-2,SYNTHETIC-A / SYNTHETIC-B,synthetic-context-003,synthetic_demo,"synthetic campaign, independent artificial response function",geometric_track_width_um,um,504.53963244708586,2026-10-01T12:01:17+00:00
R01-NEWREC-2-T01-1-0,R01-EX-2-T01-1,R01-NEW-2-T01-1,R01-FOLLOWUP-2,SYNTHETIC-A / SYNTHETIC-B,synthetic-context-003,synthetic_demo,"synthetic campaign, independent artificial response function",geometric_track_width_um,um,504.4910164175796,2026-10-01T12:01:17+00:00
R01-NEWREC-2-T01-1-1,R01-EX-2-T01-1,R01-NEW-2-T01-1,R01-FOLLOWUP-2,SYNTHETIC-A / SYNTHETIC-B,synthetic-context-003,synthetic_demo,"synthetic campaign, independent artificial response function",geometric_track_width_um,um,504.531917063921,2026-10-01T12:01:18+00:00
R01-NEWREC-2-T02-0-0,R01-EX-2-T02-0,R01-NEW-2-T02-0,R01-FOLLOWUP-2,SYNTHETIC-A / SYNTHETIC-B,synthetic-context-003,synthetic_demo,"synthetic campaign, independent artificial response function",geometric_track_width_um,um,474.4110944903795,2026-10-01T12:01:19+00:00
R01-NEWREC-2-T02-0-1,R01-EX-2-T02-0,R01-NEW-2-T02-0,R01-FOLLOWUP-2,SYNTHETIC-A / SYNTHETIC-B,synthetic-context-003,synthetic_demo,"synthetic campaign, independent artificial response function",geometric_track_width_um,um,474.3657789517787,2026-10-01T12:01:20+00:00
R01-NEWREC-2-T02-1-0,R01-EX-2-T02-1,R01-NEW-2-T02-1,R01-FOLLOWUP-2,SYNTHETIC-A / SYNTHETIC-B,synthetic-context-003,synthetic_demo,"synthetic campaign, independent artificial response function",geometric_track_width_um,um,473.87970482474987,2026-10-01T12:01:20+00:00
R01-NEWREC-2-T02-1-1,R01-EX-2-T02-1,R01-NEW-2-T02-1,R01-FOLLOWUP-2,SYNTHETIC-A / SYNTHETIC-B,synthetic-context-003,synthetic_demo,"synthetic campaign, independent artificial response function",geometric_track_width_um,um,473.79433706630306,2026-10-01T12:01:21+00:00
