record_id,sample_id,condition_id,batch_id,material_id,context_id,data_kind,source_ref,partition,scale,temperature_C,flow_ratio,total_relative_density,microscale_porosity_fraction,wall_thickness_um,mean_pore_diameter_um,response_MPa
train-micro-001-s1-r1,train-micro-001-s1,train-micro-001,batch-train-micro-001,synthetic-foaming-polymer-A,synthetic-fixed-fdm-context,synthetic_demo,examples/generate_foam_fixtures.py,train,micro,200.0,0.5,0.7502601055951177,1.0,250.0,20.0,459.9460165690481
train-micro-001-s1-r2,train-micro-001-s1,train-micro-001,batch-train-micro-001,synthetic-foaming-polymer-A,synthetic-fixed-fdm-context,synthetic_demo,examples/generate_foam_fixtures.py,train,micro,200.0,0.5,0.7502601055951177,1.0,250.0,20.0,461.7894875773409
train-micro-001-s2-r1,train-micro-001-s2,train-micro-001,batch-train-micro-001,synthetic-foaming-polymer-A,synthetic-fixed-fdm-context,synthetic_demo,examples/generate_foam_fixtures.py,train,micro,200.0,0.5,0.7502601055951177,1.0,250.0,20.0,464.5685895998928
train-micro-001-s2-r2,train-micro-001-s2,train-micro-001,batch-train-micro-001,synthetic-foaming-polymer-A,synthetic-fixed-fdm-context,synthetic_demo,examples/generate_foam_fixtures.py,train,micro,200.0,0.5,0.7502601055951177,1.0,250.0,20.0,466.4305879550026
train-hierarchical-011-s1-r1,train-hierarchical-011-s1,train-hierarchical-011,batch-train-hierarchical-011,synthetic-foaming-polymer-A,synthetic-fixed-fdm-context,synthetic_demo,examples/generate_foam_fixtures.py,train,hierarchical,200.0,0.5,0.26259103695829117,0.11853525983893531,250.0,20.0,82.19564391082673
train-hierarchical-011-s1-r2,train-hierarchical-011-s1,train-hierarchical-011,batch-train-hierarchical-011,synthetic-foaming-polymer-A,synthetic-fixed-fdm-context,synthetic_demo,examples/generate_foam_fixtures.py,train,hierarchical,200.0,0.5,0.26259103695829117,0.11853525983893531,250.0,20.0,82.52508536938717
train-hierarchical-011-s2-r1,train-hierarchical-011-s2,train-hierarchical-011,batch-train-hierarchical-011,synthetic-foaming-polymer-A,synthetic-fixed-fdm-context,synthetic_demo,examples/generate_foam_fixtures.py,train,hierarchical,200.0,0.5,0.26259103695829117,0.11853525983893531,250.0,20.0,83.02173078430238
train-hierarchical-011-s2-r2,train-hierarchical-011-s2,train-hierarchical-011,batch-train-hierarchical-011,synthetic-foaming-polymer-A,synthetic-fixed-fdm-context,synthetic_demo,examples/generate_foam_fixtures.py,train,hierarchical,200.0,0.5,0.26259103695829117,0.11853525983893531,250.0,20.0,83.35448321229558
train-hierarchical-012-s1-r1,train-hierarchical-012-s1,train-hierarchical-012,batch-train-hierarchical-012,synthetic-foaming-polymer-A,synthetic-fixed-fdm-context,synthetic_demo,examples/generate_foam_fixtures.py,train,hierarchical,200.0,0.5,0.4126430580773148,0.2338559947432541,250.0,20.0,185.35754714413437
train-hierarchical-012-s1-r2,train-hierarchical-012-s1,train-hierarchical-012,batch-train-hierarchical-012,synthetic-foaming-polymer-A,synthetic-fixed-fdm-context,synthetic_demo,examples/generate_foam_fixtures.py,train,hierarchical,200.0,0.5,0.4126430580773148,0.2338559947432541,250.0,20.0,186.10046316475214
train-hierarchical-012-s2-r1,train-hierarchical-012-s2,train-hierarchical-012,batch-train-hierarchical-012,synthetic-foaming-polymer-A,synthetic-fixed-fdm-context,synthetic_demo,examples/generate_foam_fixtures.py,train,hierarchical,200.0,0.5,0.4126430580773148,0.2338559947432541,250.0,20.0,187.22043706518093
train-hierarchical-012-s2-r2,train-hierarchical-012-s2,train-hierarchical-012,batch-train-hierarchical-012,synthetic-foaming-polymer-A,synthetic-fixed-fdm-context,synthetic_demo,examples/generate_foam_fixtures.py,train,hierarchical,200.0,0.5,0.4126430580773148,0.2338559947432541,250.0,20.0,187.97081957846825
train-hierarchical-013-s1-r1,train-hierarchical-013-s1,train-hierarchical-013,batch-train-hierarchical-013,synthetic-foaming-polymer-A,synthetic-fixed-fdm-context,synthetic_demo,examples/generate_foam_fixtures.py,train,hierarchical,200.0,0.5,0.5626950791963383,0.4283165175901523,250.0,20.0,326.6752281101476
train-hierarchical-013-s1-r2,train-hierarchical-013-s1,train-hierarchical-013,batch-train-hierarchical-013,synthetic-foaming-polymer-A,synthetic-fixed-fdm-context,synthetic_demo,examples/generate_foam_fixtures.py,train,hierarchical,200.0,0.5,0.5626950791963383,0.4283165175901523,250.0,20.0,327.9845476616913
train-hierarchical-013-s2-r1,train-hierarchical-013-s2,train-hierarchical-013,batch-train-hierarchical-013,synthetic-foaming-polymer-A,synthetic-fixed-fdm-context,synthetic_demo,examples/generate_foam_fixtures.py,train,hierarchical,200.0,0.5,0.5626950791963383,0.4283165175901523,250.0,20.0,329.9583962318576
train-hierarchical-013-s2-r2,train-hierarchical-013-s2,train-hierarchical-013,batch-train-hierarchical-013,synthetic-foaming-polymer-A,synthetic-fixed-fdm-context,synthetic_demo,examples/generate_foam_fixtures.py,train,hierarchical,200.0,0.5,0.5626950791963383,0.4283165175901523,250.0,20.0,331.2808747738691
train-micro-002-s1-r1,train-micro-002-s1,train-micro-002,batch-train-micro-002,synthetic-foaming-polymer-A,synthetic-fixed-fdm-context,synthetic_demo,examples/generate_foam_fixtures.py,train,micro,200.0,0.7,0.8175744761936437,1.0,250.0,20.0,570.1584160691395
train-micro-002-s1-r2,train-micro-002-s1,train-micro-002,batch-train-micro-002,synthetic-foaming-polymer-A,synthetic-fixed-fdm-context,synthetic_demo,examples/generate_foam_fixtures.py,train,micro,200.0,0.7,0.8175744761936437,1.0,250.0,20.0,572.443620141561
train-micro-002-s2-r1,train-micro-002-s2,train-micro-002,batch-train-micro-002,synthetic-foaming-polymer-A,synthetic-fixed-fdm-context,synthetic_demo,examples/generate_foam_fixtures.py,train,micro,200.0,0.7,0.8175744761936437,1.0,250.0,20.0,575.8886514065179
train-micro-002-s2-r2,train-micro-002-s2,train-micro-002,batch-train-micro-002,synthetic-foaming-polymer-A,synthetic-fixed-fdm-context,synthetic_demo,examples/generate_foam_fixtures.py,train,micro,200.0,0.7,0.8175744761936437,1.0,250.0,20.0,578.196822354039
train-hierarchical-021-s1-r1,train-hierarchical-021-s1,train-hierarchical-021,batch-train-hierarchical-021,synthetic-foaming-polymer-A,synthetic-fixed-fdm-context,synthetic_demo,examples/generate_foam_fixtures.py,train,hierarchical,200.0,0.7,0.28615106666777523,0.08944320058612383,250.0,20.0,100.49244013864751
train-hierarchical-021-s1-r2,train-hierarchical-021-s1,train-hierarchical-021,batch-train-hierarchical-021,synthetic-foaming-polymer-A,synthetic-fixed-fdm-context,synthetic_demo,examples/generate_foam_fixtures.py,train,hierarchical,200.0,0.7,0.28615106666777523,0.08944320058612383,250.0,20.0,100.89521544982446
train-hierarchical-021-s2-r1,train-hierarchical-021-s2,train-hierarchical-021,batch-train-hierarchical-021,synthetic-foaming-polymer-A,synthetic-fixed-fdm-context,synthetic_demo,examples/generate_foam_fixtures.py,train,hierarchical,200.0,0.7,0.28615106666777523,0.08944320058612383,250.0,20.0,101.50241441139774
train-hierarchical-021-s2-r2,train-hierarchical-021-s2,train-hierarchical-021,batch-train-hierarchical-021,synthetic-foaming-polymer-A,synthetic-fixed-fdm-context,synthetic_demo,examples/generate_foam_fixtures.py,train,hierarchical,200.0,0.7,0.28615106666777523,0.08944320058612383,250.0,20.0,101.90923771565183
train-hierarchical-022-s1-r1,train-hierarchical-022-s1,train-hierarchical-022,batch-train-hierarchical-022,synthetic-foaming-polymer-A,synthetic-fixed-fdm-context,synthetic_demo,examples/generate_foam_fixtures.py,train,hierarchical,200.0,0.7,0.44966596190650404,0.18231479637545206,250.0,20.0,225.6617080241722
train-hierarchical-022-s1-r2,train-hierarchical-022-s1,train-hierarchical-022,batch-train-hierarchical-022,synthetic-foaming-polymer-A,synthetic-fixed-fdm-context,synthetic_demo,examples/generate_foam_fixtures.py,train,hierarchical,200.0,0.7,0.44966596190650404,0.18231479637545206,250.0,20.0,226.56616376775608
train-hierarchical-022-s2-r1,train-hierarchical-022-s2,train-hierarchical-022,batch-train-hierarchical-022,synthetic-foaming-polymer-A,synthetic-fixed-fdm-context,synthetic_demo,examples/generate_foam_fixtures.py,train,hierarchical,200.0,0.7,0.44966596190650404,0.18231479637545206,250.0,20.0,227.92966488873674
train-hierarchical-022-s2-r2,train-hierarchical-022-s2,train-hierarchical-022,batch-train-hierarchical-022,synthetic-foaming-polymer-A,synthetic-fixed-fdm-context,synthetic_demo,examples/generate_foam_fixtures.py,train,hierarchical,200.0,0.7,0.44966596190650404,0.18231479637545206,250.0,20.0,228.84321063979382
train-hierarchical-023-s1-r1,train-hierarchical-023-s1,train-hierarchical-023,batch-train-hierarchical-023,synthetic-foaming-polymer-A,synthetic-fixed-fdm-context,synthetic_demo,examples/generate_foam_fixtures.py,train,hierarchical,200.0,0.7,0.6131808571452327,0.353703133317103,250.0,20.0,401.02070446449756
train-hierarchical-023-s1-r2,train-hierarchical-023-s1,train-hierarchical-023,batch-train-hierarchical-023,synthetic-foaming-polymer-A,synthetic-fixed-fdm-context,synthetic_demo,examples/generate_foam_fixtures.py,train,hierarchical,200.0,0.7,0.6131808571452327,0.353703133317103,250.0,20.0,402.6280018771809
train-hierarchical-023-s2-r1,train-hierarchical-023-s2,train-hierarchical-023,batch-train-hierarchical-023,synthetic-foaming-polymer-A,synthetic-fixed-fdm-context,synthetic_demo,examples/generate_foam_fixtures.py,train,hierarchical,200.0,0.7,0.6131808571452327,0.353703133317103,250.0,20.0,405.05106330333666
train-hierarchical-023-s2-r2,train-hierarchical-023-s2,train-hierarchical-023,batch-train-hierarchical-023,synthetic-foaming-polymer-A,synthetic-fixed-fdm-context,synthetic_demo,examples/generate_foam_fixtures.py,train,hierarchical,200.0,0.7,0.6131808571452327,0.353703133317103,250.0,20.0,406.6745144588611
train-micro-003-s1-r1,train-micro-003-s1,train-micro-003,batch-train-micro-003,synthetic-foaming-polymer-A,synthetic-fixed-fdm-context,synthetic_demo,examples/generate_foam_fixtures.py,train,micro,200.0,0.9,0.8698915256370021,1.0,250.0,20.0,665.7941538036773
train-micro-003-s1-r2,train-micro-003-s1,train-micro-003,batch-train-micro-003,synthetic-foaming-polymer-A,synthetic-fixed-fdm-context,synthetic_demo,examples/generate_foam_fixtures.py,train,micro,200.0,0.9,0.8698915256370021,1.0,250.0,20.0,668.462667446177
train-micro-003-s2-r1,train-micro-003-s2,train-micro-003,batch-train-micro-003,synthetic-foaming-polymer-A,synthetic-fixed-fdm-context,synthetic_demo,examples/generate_foam_fixtures.py,train,micro,200.0,0.9,0.8698915256370021,1.0,250.0,20.0,672.4855523343675
train-micro-003-s2-r2,train-micro-003-s2,train-micro-003,batch-train-micro-003,synthetic-foaming-polymer-A,synthetic-fixed-fdm-context,synthetic_demo,examples/generate_foam_fixtures.py,train,micro,200.0,0.9,0.8698915256370021,1.0,250.0,20.0,675.1808852094551
train-hierarchical-031-s1-r1,train-hierarchical-031-s1,train-hierarchical-031,batch-train-hierarchical-031,synthetic-foaming-polymer-A,synthetic-fixed-fdm-context,synthetic_demo,examples/generate_foam_fixtures.py,train,hierarchical,200.0,0.9,0.30446203397295074,0.06547157488348852,250.0,20.0,115.93085796891846
train-hierarchical-031-s1-r2,train-hierarchical-031-s1,train-hierarchical-031,batch-train-hierarchical-031,synthetic-foaming-polymer-A,synthetic-fixed-fdm-context,synthetic_demo,examples/generate_foam_fixtures.py,train,hierarchical,200.0,0.9,0.30446203397295074,0.06547157488348852,250.0,20.0,116.39551070626884
train-hierarchical-031-s2-r1,train-hierarchical-031-s2,train-hierarchical-031,batch-train-hierarchical-031,synthetic-foaming-polymer-A,synthetic-fixed-fdm-context,synthetic_demo,examples/generate_foam_fixtures.py,train,hierarchical,200.0,0.9,0.30446203397295074,0.06547157488348852,250.0,20.0,117.09599221986237
train-hierarchical-031-s2-r2,train-hierarchical-031-s2,train-hierarchical-031,batch-train-hierarchical-031,synthetic-foaming-polymer-A,synthetic-fixed-fdm-context,synthetic_demo,examples/generate_foam_fixtures.py,train,hierarchical,200.0,0.9,0.30446203397295074,0.06547157488348852,250.0,20.0,117.56531483397002
train-hierarchical-032-s1-r1,train-hierarchical-032-s1,train-hierarchical-032,batch-train-hierarchical-032,synthetic-foaming-polymer-A,synthetic-fixed-fdm-context,synthetic_demo,examples/generate_foam_fixtures.py,train,hierarchical,200.0,0.9,0.4784403391003512,0.13720321233473873,250.0,20.0,258.70404828110793
train-hierarchical-032-s1-r2,train-hierarchical-032-s1,train-hierarchical-032,batch-train-hierarchical-032,synthetic-foaming-polymer-A,synthetic-fixed-fdm-context,synthetic_demo,examples/generate_foam_fixtures.py,train,hierarchical,200.0,0.9,0.4784403391003512,0.13720321233473873,250.0,20.0,259.74093825417856
train-hierarchical-032-s2-r1,train-hierarchical-032-s2,train-hierarchical-032,batch-train-hierarchical-032,synthetic-foaming-polymer-A,synthetic-fixed-fdm-context,synthetic_demo,examples/generate_foam_fixtures.py,train,hierarchical,200.0,0.9,0.4784403391003512,0.13720321233473873,250.0,20.0,261.3040889673502
train-hierarchical-032-s2-r2,train-hierarchical-032-s2,train-hierarchical-032,batch-train-hierarchical-032,synthetic-foaming-polymer-A,synthetic-fixed-fdm-context,synthetic_demo,examples/generate_foam_fixtures.py,train,hierarchical,200.0,0.9,0.4784403391003512,0.13720321233473873,250.0,20.0,262.3513999451753
train-hierarchical-033-s1-r1,train-hierarchical-033-s1,train-hierarchical-033,batch-train-hierarchical-033,synthetic-foaming-polymer-A,synthetic-fixed-fdm-context,synthetic_demo,examples/generate_foam_fixtures.py,train,hierarchical,200.0,0.9,0.6524186442277515,0.2807439298792202,250.0,20.0,460.8520628680149
train-hierarchical-033-s1-r2,train-hierarchical-033-s1,train-hierarchical-033,batch-train-hierarchical-033,synthetic-foaming-polymer-A,synthetic-fixed-fdm-context,synthetic_demo,examples/generate_foam_fixtures.py,train,hierarchical,200.0,0.9,0.6524186442277515,0.2807439298792202,250.0,20.0,462.69916532439976
train-hierarchical-033-s2-r1,train-hierarchical-033-s2,train-hierarchical-033,batch-train-hierarchical-033,synthetic-foaming-polymer-A,synthetic-fixed-fdm-context,synthetic_demo,examples/generate_foam_fixtures.py,train,hierarchical,200.0,0.9,0.6524186442277515,0.2807439298792202,250.0,20.0,465.48374189181396
train-hierarchical-033-s2-r2,train-hierarchical-033-s2,train-hierarchical-033,batch-train-hierarchical-033,synthetic-foaming-polymer-A,synthetic-fixed-fdm-context,synthetic_demo,examples/generate_foam_fixtures.py,train,hierarchical,200.0,0.9,0.6524186442277515,0.2807439298792202,250.0,20.0,467.3494081919816
train-micro-004-s1-r1,train-micro-004-s1,train-micro-004,batch-train-micro-004,synthetic-foaming-polymer-A,synthetic-fixed-fdm-context,synthetic_demo,examples/generate_foam_fixtures.py,train,micro,210.0,0.5,0.5986876601124521,1.0,250.0,20.0,261.6242487015463
train-micro-004-s1-r2,train-micro-004-s1,train-micro-004,batch-train-micro-004,synthetic-foaming-polymer-A,synthetic-fixed-fdm-context,synthetic_demo,examples/generate_foam_fixtures.py,train,micro,210.0,0.5,0.5986876601124521,1.0,250.0,20.0,262.6728428847189
train-micro-004-s2-r1,train-micro-004-s2,train-micro-004,batch-train-micro-004,synthetic-foaming-polymer-A,synthetic-fixed-fdm-context,synthetic_demo,examples/generate_foam_fixtures.py,train,micro,210.0,0.5,0.5986876601124521,1.0,250.0,20.0,264.25363813573273
train-micro-004-s2-r2,train-micro-004-s2,train-micro-004,batch-train-micro-004,synthetic-foaming-polymer-A,synthetic-fixed-fdm-context,synthetic_demo,examples/generate_foam_fixtures.py,train,micro,210.0,0.5,0.5986876601124521,1.0,250.0,20.0,265.312770953912
train-hierarchical-041-s1-r1,train-hierarchical-041-s1,train-hierarchical-041,batch-train-hierarchical-041,synthetic-foaming-polymer-A,synthetic-fixed-fdm-context,synthetic_demo,examples/generate_foam_fixtures.py,train,hierarchical,210.0,0.5,0.20954068103935822,0.1776932924838292,250.0,20.0,47.936764169783274
train-hierarchical-041-s1-r2,train-hierarchical-041-s1,train-hierarchical-041,batch-train-hierarchical-041,synthetic-foaming-polymer-A,synthetic-fixed-fdm-context,synthetic_demo,examples/generate_foam_fixtures.py,train,hierarchical,210.0,0.5,0.20954068103935822,0.1776932924838292,250.0,20.0,48.12889548910104
train-hierarchical-041-s2-r1,train-hierarchical-041-s2,train-hierarchical-041,batch-train-hierarchical-041,synthetic-foaming-polymer-A,synthetic-fixed-fdm-context,synthetic_demo,examples/generate_foam_fixtures.py,train,hierarchical,210.0,0.5,0.20954068103935822,0.1776932924838292,250.0,20.0,48.418540694102695
train-hierarchical-041-s2-r2,train-hierarchical-041-s2,train-hierarchical-041,batch-train-hierarchical-041,synthetic-foaming-polymer-A,synthetic-fixed-fdm-context,synthetic_demo,examples/generate_foam_fixtures.py,train,hierarchical,210.0,0.5,0.20954068103935822,0.1776932924838292,250.0,20.0,48.61260298145381
train-hierarchical-042-s1-r1,train-hierarchical-042-s1,train-hierarchical-042,batch-train-hierarchical-042,synthetic-foaming-polymer-A,synthetic-fixed-fdm-context,synthetic_demo,examples/generate_foam_fixtures.py,train,hierarchical,210.0,0.5,0.3292782130618487,0.32908098594164886,250.0,20.0,108.10018350539332
train-hierarchical-042-s1-r2,train-hierarchical-042-s1,train-hierarchical-042,batch-train-hierarchical-042,synthetic-foaming-polymer-A,synthetic-fixed-fdm-context,synthetic_demo,examples/generate_foam_fixtures.py,train,hierarchical,210.0,0.5,0.3292782130618487,0.32908098594164886,250.0,20.0,108.53345077395201
train-hierarchical-042-s2-r1,train-hierarchical-042-s2,train-hierarchical-042,batch-train-hierarchical-042,synthetic-foaming-polymer-A,synthetic-fixed-fdm-context,synthetic_demo,examples/generate_foam_fixtures.py,train,hierarchical,210.0,0.5,0.3292782130618487,0.32908098594164886,250.0,20.0,109.18661751047264
train-hierarchical-042-s2-r2,train-hierarchical-042-s2,train-hierarchical-042,batch-train-hierarchical-042,synthetic-foaming-polymer-A,synthetic-fixed-fdm-context,synthetic_demo,examples/generate_foam_fixtures.py,train,hierarchical,210.0,0.5,0.3292782130618487,0.32908098594164886,250.0,20.0,109.62423922394146
train-hierarchical-043-s1-r1,train-hierarchical-043-s1,train-hierarchical-043,batch-train-hierarchical-043,synthetic-foaming-polymer-A,synthetic-fixed-fdm-context,synthetic_demo,examples/generate_foam_fixtures.py,train,hierarchical,210.0,0.5,0.44901574508433906,0.546266526185458,250.0,20.0,186.1523512283234
train-hierarchical-043-s1-r2,train-hierarchical-043-s1,train-hierarchical-043,batch-train-hierarchical-043,synthetic-foaming-polymer-A,synthetic-fixed-fdm-context,synthetic_demo,examples/generate_foam_fixtures.py,train,hierarchical,210.0,0.5,0.44901574508433906,0.546266526185458,250.0,20.0,186.89845283645295
train-hierarchical-043-s2-r1,train-hierarchical-043-s2,train-hierarchical-043,batch-train-hierarchical-043,synthetic-foaming-polymer-A,synthetic-fixed-fdm-context,synthetic_demo,examples/generate_foam_fixtures.py,train,hierarchical,210.0,0.5,0.44901574508433906,0.546266526185458,250.0,20.0,188.02322913011557
train-hierarchical-043-s2-r2,train-hierarchical-043-s2,train-hierarchical-043,batch-train-hierarchical-043,synthetic-foaming-polymer-A,synthetic-fixed-fdm-context,synthetic_demo,examples/generate_foam_fixtures.py,train,hierarchical,210.0,0.5,0.44901574508433906,0.546266526185458,250.0,20.0,188.7768292468695
train-micro-005-s1-r1,train-micro-005-s1,train-micro-005,batch-train-micro-005,synthetic-foaming-polymer-A,synthetic-fixed-fdm-context,synthetic_demo,examples/generate_foam_fixtures.py,train,micro,210.0,0.7,0.6899744811276125,1.0,250.0,20.0,373.0437762026326
train-micro-005-s1-r2,train-micro-005-s1,train-micro-005,batch-train-micro-005,synthetic-foaming-polymer-A,synthetic-fixed-fdm-context,synthetic_demo,examples/generate_foam_fixtures.py,train,micro,210.0,0.7,0.6899744811276125,1.0,250.0,20.0,374.5389416383145
train-micro-005-s2-r1,train-micro-005-s2,train-micro-005,batch-train-micro-005,synthetic-foaming-polymer-A,synthetic-fixed-fdm-context,synthetic_demo,examples/generate_foam_fixtures.py,train,micro,210.0,0.7,0.6899744811276125,1.0,250.0,20.0,376.79295988306103
train-micro-005-s2-r2,train-micro-005-s2,train-micro-005,batch-train-micro-005,synthetic-foaming-polymer-A,synthetic-fixed-fdm-context,synthetic_demo,examples/generate_foam_fixtures.py,train,micro,210.0,0.7,0.6899744811276125,1.0,250.0,20.0,378.3031521070412
train-hierarchical-051-s1-r1,train-hierarchical-051-s1,train-hierarchical-051,batch-train-hierarchical-051,synthetic-foaming-polymer-A,synthetic-fixed-fdm-context,synthetic_demo,examples/generate_foam_fixtures.py,train,hierarchical,210.0,0.7,0.24149106839466436,0.14305557533209715,250.0,20.0,67.39376931195326
train-hierarchical-051-s1-r2,train-hierarchical-051-s1,train-hierarchical-051,batch-train-hierarchical-051,synthetic-foaming-polymer-A,synthetic-fixed-fdm-context,synthetic_demo,examples/generate_foam_fixtures.py,train,hierarchical,210.0,0.7,0.24149106839466436,0.14305557533209715,250.0,20.0,67.6638846198168
train-hierarchical-051-s2-r1,train-hierarchical-051-s2,train-hierarchical-051,batch-train-hierarchical-051,synthetic-foaming-polymer-A,synthetic-fixed-fdm-context,synthetic_demo,examples/generate_foam_fixtures.py,train,hierarchical,210.0,0.7,0.24149106839466436,0.14305557533209715,250.0,20.0,68.07109362664625
train-hierarchical-051-s2-r2,train-hierarchical-051-s2,train-hierarchical-051,batch-train-hierarchical-051,synthetic-foaming-polymer-A,synthetic-fixed-fdm-context,synthetic_demo,examples/generate_foam_fixtures.py,train,hierarchical,210.0,0.7,0.24149106839466436,0.14305557533209715,250.0,20.0,68.343923661222
train-hierarchical-052-s1-r1,train-hierarchical-052-s1,train-hierarchical-052,batch-train-hierarchical-052,synthetic-foaming-polymer-A,synthetic-fixed-fdm-context,synthetic_demo,examples/generate_foam_fixtures.py,train,hierarchical,210.0,0.7,0.3794859646201869,0.27479480826802327,250.0,20.0,152.161498497237
train-hierarchical-052-s1-r2,train-hierarchical-052-s1,train-hierarchical-052,batch-train-hierarchical-052,synthetic-foaming-polymer-A,synthetic-fixed-fdm-context,synthetic_demo,examples/generate_foam_fixtures.py,train,hierarchical,210.0,0.7,0.3794859646201869,0.27479480826802327,250.0,20.0,152.77136422267682
train-hierarchical-052-s2-r1,train-hierarchical-052-s2,train-hierarchical-052,batch-train-hierarchical-052,synthetic-foaming-polymer-A,synthetic-fixed-fdm-context,synthetic_demo,examples/generate_foam_fixtures.py,train,hierarchical,210.0,0.7,0.3794859646201869,0.27479480826802327,250.0,20.0,153.6907597886665
train-hierarchical-052-s2-r2,train-hierarchical-052-s2,train-hierarchical-052,batch-train-hierarchical-052,synthetic-foaming-polymer-A,synthetic-fixed-fdm-context,synthetic_demo,examples/generate_foam_fixtures.py,train,hierarchical,210.0,0.7,0.3794859646201869,0.27479480826802327,250.0,20.0,154.30675481787958
train-hierarchical-053-s1-r1,train-hierarchical-053-s1,train-hierarchical-053,batch-train-hierarchical-053,synthetic-foaming-polymer-A,synthetic-fixed-fdm-context,synthetic_demo,examples/generate_foam_fixtures.py,train,hierarchical,210.0,0.7,0.5174808608457093,0.4818858368226097,250.0,20.0,265.71900501897915
train-hierarchical-053-s1-r2,train-hierarchical-053-s1,train-hierarchical-053,batch-train-hierarchical-053,synthetic-foaming-polymer-A,synthetic-fixed-fdm-context,synthetic_demo,examples/generate_foam_fixtures.py,train,hierarchical,210.0,0.7,0.5174808608457093,0.4818858368226097,250.0,20.0,266.78401105111936
train-hierarchical-053-s2-r1,train-hierarchical-053-s2,train-hierarchical-053,batch-train-hierarchical-053,synthetic-foaming-polymer-A,synthetic-fixed-fdm-context,synthetic_demo,examples/generate_foam_fixtures.py,train,hierarchical,210.0,0.7,0.5174808608457093,0.4818858368226097,250.0,20.0,268.389547782989
train-hierarchical-053-s2-r2,train-hierarchical-053-s2,train-hierarchical-053,batch-train-hierarchical-053,synthetic-foaming-polymer-A,synthetic-fixed-fdm-context,synthetic_demo,examples/generate_foam_fixtures.py,train,hierarchical,210.0,0.7,0.5174808608457093,0.4818858368226097,250.0,20.0,269.46525739334163
train-micro-006-s1-r1,train-micro-006-s1,train-micro-006,batch-train-micro-006,synthetic-foaming-polymer-A,synthetic-fixed-fdm-context,synthetic_demo,examples/generate_foam_fixtures.py,train,micro,210.0,0.9,0.7685247834990178,1.0,250.0,20.0,488.45203178836505
train-micro-006-s1-r2,train-micro-006-s1,train-micro-006,batch-train-micro-006,synthetic-foaming-polymer-A,synthetic-fixed-fdm-context,synthetic_demo,examples/generate_foam_fixtures.py,train,micro,210.0,0.9,0.7685247834990178,1.0,250.0,20.0,490.40975536266717
train-micro-006-s2-r1,train-micro-006-s2,train-micro-006,batch-train-micro-006,synthetic-foaming-polymer-A,synthetic-fixed-fdm-context,synthetic_demo,examples/generate_foam_fixtures.py,train,micro,210.0,0.9,0.7685247834990178,1.0,250.0,20.0,493.3610974344792
train-micro-006-s2-r2,train-micro-006-s2,train-micro-006,batch-train-micro-006,synthetic-foaming-polymer-A,synthetic-fixed-fdm-context,synthetic_demo,examples/generate_foam_fixtures.py,train,micro,210.0,0.9,0.7685247834990178,1.0,250.0,20.0,495.33849662259337
train-hierarchical-061-s1-r1,train-hierarchical-061-s1,train-hierarchical-061,batch-train-hierarchical-061,synthetic-foaming-polymer-A,synthetic-fixed-fdm-context,synthetic_demo,examples/generate_foam_fixtures.py,train,hierarchical,210.0,0.9,0.2689836742246562,0.11082697187291238,250.0,20.0,86.97930985515131
train-hierarchical-061-s1-r2,train-hierarchical-061-s1,train-hierarchical-061,batch-train-hierarchical-061,synthetic-foaming-polymer-A,synthetic-fixed-fdm-context,synthetic_demo,examples/generate_foam_fixtures.py,train,hierarchical,210.0,0.9,0.2689836742246562,0.11082697187291238,250.0,20.0,87.32792432350863
train-hierarchical-061-s2-r1,train-hierarchical-061-s2,train-hierarchical-061,batch-train-hierarchical-061,synthetic-foaming-polymer-A,synthetic-fixed-fdm-context,synthetic_demo,examples/generate_foam_fixtures.py,train,hierarchical,210.0,0.9,0.2689836742246562,0.11082697187291238,250.0,20.0,87.85347377329352
train-hierarchical-061-s2-r2,train-hierarchical-061-s2,train-hierarchical-061,batch-train-hierarchical-061,synthetic-foaming-polymer-A,synthetic-fixed-fdm-context,synthetic_demo,examples/generate_foam_fixtures.py,train,hierarchical,210.0,0.9,0.2689836742246562,0.11082697187291238,250.0,20.0,88.20559190464941
train-hierarchical-062-s1-r1,train-hierarchical-062-s1,train-hierarchical-062,batch-train-hierarchical-062,synthetic-foaming-polymer-A,synthetic-fixed-fdm-context,synthetic_demo,examples/generate_foam_fixtures.py,train,hierarchical,210.0,0.9,0.4226886309244598,0.22052461790143918,250.0,20.0,195.9882046282044
train-hierarchical-062-s1-r2,train-hierarchical-062-s1,train-hierarchical-062,batch-train-hierarchical-062,synthetic-foaming-polymer-A,synthetic-fixed-fdm-context,synthetic_demo,examples/generate_foam_fixtures.py,train,hierarchical,210.0,0.9,0.4226886309244598,0.22052461790143918,250.0,20.0,196.77372849444967
train-hierarchical-062-s2-r1,train-hierarchical-062-s2,train-hierarchical-062,batch-train-hierarchical-062,synthetic-foaming-polymer-A,synthetic-fixed-fdm-context,synthetic_demo,examples/generate_foam_fixtures.py,train,hierarchical,210.0,0.9,0.4226886309244598,0.22052461790143918,250.0,20.0,197.9579353279853
train-hierarchical-062-s2-r2,train-hierarchical-062-s2,train-hierarchical-062,batch-train-hierarchical-062,synthetic-foaming-polymer-A,synthetic-fixed-fdm-context,synthetic_demo,examples/generate_foam_fixtures.py,train,hierarchical,210.0,0.9,0.4226886309244598,0.22052461790143918,250.0,20.0,198.7513539064542
train-hierarchical-063-s1-r1,train-hierarchical-063-s1,train-hierarchical-063,batch-train-hierarchical-063,synthetic-foaming-polymer-A,synthetic-fixed-fdm-context,synthetic_demo,examples/generate_foam_fixtures.py,train,hierarchical,210.0,0.9,0.5763935876242633,0.40982951934577583,250.0,20.0,346.2992616303298
train-hierarchical-063-s1-r2,train-hierarchical-063-s1,train-hierarchical-063,batch-train-hierarchical-063,synthetic-foaming-polymer-A,synthetic-fixed-fdm-context,synthetic_demo,examples/generate_foam_fixtures.py,train,hierarchical,210.0,0.9,0.5763935876242633,0.40982951934577583,250.0,20.0,347.6872346228361
train-hierarchical-063-s2-r1,train-hierarchical-063-s2,train-hierarchical-063,batch-train-hierarchical-063,synthetic-foaming-polymer-A,synthetic-fixed-fdm-context,synthetic_demo,examples/generate_foam_fixtures.py,train,hierarchical,210.0,0.9,0.5763935876242633,0.40982951934577583,250.0,20.0,349.77965621957935
train-hierarchical-063-s2-r2,train-hierarchical-063-s2,train-hierarchical-063,batch-train-hierarchical-063,synthetic-foaming-polymer-A,synthetic-fixed-fdm-context,synthetic_demo,examples/generate_foam_fixtures.py,train,hierarchical,210.0,0.9,0.5763935876242633,0.40982951934577583,250.0,20.0,351.18157868939727
train-micro-007-s1-r1,train-micro-007-s1,train-micro-007,batch-train-micro-007,synthetic-foaming-polymer-A,synthetic-fixed-fdm-context,synthetic_demo,examples/generate_foam_fixtures.py,train,micro,220.0,0.5,0.4255574831883411,1.0,250.0,20.0,111.44813535647864
train-micro-007-s1-r2,train-micro-007-s1,train-micro-007,batch-train-micro-007,synthetic-foaming-polymer-A,synthetic-fixed-fdm-context,synthetic_demo,examples/generate_foam_fixtures.py,train,micro,220.0,0.5,0.4255574831883411,1.0,250.0,20.0,111.89482126973107
train-micro-007-s2-r1,train-micro-007-s2,train-micro-007,batch-train-micro-007,synthetic-foaming-polymer-A,synthetic-fixed-fdm-context,synthetic_demo,examples/generate_foam_fixtures.py,train,micro,220.0,0.5,0.4255574831883411,1.0,250.0,20.0,112.5682171188553
train-micro-007-s2-r2,train-micro-007-s2,train-micro-007,batch-train-micro-007,synthetic-foaming-polymer-A,synthetic-fixed-fdm-context,synthetic_demo,examples/generate_foam_fixtures.py,train,micro,220.0,0.5,0.4255574831883411,1.0,250.0,20.0,113.01939233776855
train-hierarchical-071-s1-r1,train-hierarchical-071-s1,train-hierarchical-071,batch-train-hierarchical-071,synthetic-foaming-polymer-A,synthetic-fixed-fdm-context,synthetic_demo,examples/generate_foam_fixtures.py,train,hierarchical,220.0,0.5,0.14894511911591937,0.236241969113935,250.0,20.0,20.8451381326518
train-hierarchical-071-s1-r2,train-hierarchical-071-s1,train-hierarchical-071,batch-train-hierarchical-071,synthetic-foaming-polymer-A,synthetic-fixed-fdm-context,synthetic_demo,examples/generate_foam_fixtures.py,train,hierarchical,220.0,0.5,0.14894511911591937,0.236241969113935,250.0,20.0,20.92868578047806
train-hierarchical-071-s2-r1,train-hierarchical-071-s2,train-hierarchical-071,batch-train-hierarchical-071,synthetic-foaming-polymer-A,synthetic-fixed-fdm-context,synthetic_demo,examples/generate_foam_fixtures.py,train,hierarchical,220.0,0.5,0.14894511911591937,0.236241969113935,250.0,20.0,21.054637008356842
train-hierarchical-071-s2-r2,train-hierarchical-071-s2,train-hierarchical-071,batch-train-hierarchical-071,synthetic-foaming-polymer-A,synthetic-fixed-fdm-context,synthetic_demo,examples/generate_foam_fixtures.py,train,hierarchical,220.0,0.5,0.14894511911591937,0.236241969113935,250.0,20.0,21.13902433103563
train-hierarchical-072-s1-r1,train-hierarchical-072-s1,train-hierarchical-072,batch-train-hierarchical-072,synthetic-foaming-polymer-A,synthetic-fixed-fdm-context,synthetic_demo,examples/generate_foam_fixtures.py,train,hierarchical,220.0,0.5,0.2340566157535876,0.4124892136215253,250.0,20.0,46.64853603921733
train-hierarchical-072-s1-r2,train-hierarchical-072-s1,train-hierarchical-072,batch-train-hierarchical-072,synthetic-foaming-polymer-A,synthetic-fixed-fdm-context,synthetic_demo,examples/generate_foam_fixtures.py,train,hierarchical,220.0,0.5,0.2340566157535876,0.4124892136215253,250.0,20.0,46.83550411953483
train-hierarchical-072-s2-r1,train-hierarchical-072-s2,train-hierarchical-072,batch-train-hierarchical-072,synthetic-foaming-polymer-A,synthetic-fixed-fdm-context,synthetic_demo,examples/generate_foam_fixtures.py,train,hierarchical,220.0,0.5,0.2340566157535876,0.4124892136215253,250.0,20.0,47.11736554714916
train-hierarchical-072-s2-r2,train-hierarchical-072-s2,train-hierarchical-072,batch-train-hierarchical-072,synthetic-foaming-polymer-A,synthetic-fixed-fdm-context,synthetic_demo,examples/generate_foam_fixtures.py,train,hierarchical,220.0,0.5,0.2340566157535876,0.4124892136215253,250.0,20.0,47.30621270365076
train-hierarchical-073-s1-r1,train-hierarchical-073-s1,train-hierarchical-073,batch-train-hierarchical-073,synthetic-foaming-polymer-A,synthetic-fixed-fdm-context,synthetic_demo,examples/generate_foam_fixtures.py,train,hierarchical,220.0,0.5,0.3191681123912558,0.6328021578453618,250.0,20.0,78.56434400399347
train-hierarchical-073-s1-r2,train-hierarchical-073-s1,train-hierarchical-073,batch-train-hierarchical-073,synthetic-foaming-polymer-A,synthetic-fixed-fdm-context,synthetic_demo,examples/generate_foam_fixtures.py,train,hierarchical,220.0,0.5,0.3191681123912558,0.6328021578453618,250.0,20.0,78.87923115431006
train-hierarchical-073-s2-r1,train-hierarchical-073-s2,train-hierarchical-073,batch-train-hierarchical-073,synthetic-foaming-polymer-A,synthetic-fixed-fdm-context,synthetic_demo,examples/generate_foam_fixtures.py,train,hierarchical,220.0,0.5,0.3191681123912558,0.6328021578453618,250.0,20.0,79.35393540101852
train-hierarchical-073-s2-r2,train-hierarchical-073-s2,train-hierarchical-073,batch-train-hierarchical-073,synthetic-foaming-polymer-A,synthetic-fixed-fdm-context,synthetic_demo,examples/generate_foam_fixtures.py,train,hierarchical,220.0,0.5,0.3191681123912558,0.6328021578453618,250.0,20.0,79.67198724631318
train-micro-008-s1-r1,train-micro-008-s1,train-micro-008,batch-train-micro-008,synthetic-foaming-polymer-A,synthetic-fixed-fdm-context,synthetic_demo,examples/generate_foam_fixtures.py,train,micro,220.0,0.7,0.5249791874789399,1.0,250.0,20.0,188.37898096524734
train-micro-008-s1-r2,train-micro-008-s1,train-micro-008,batch-train-micro-008,synthetic-foaming-polymer-A,synthetic-fixed-fdm-context,synthetic_demo,examples/generate_foam_fixtures.py,train,micro,220.0,0.7,0.5249791874789399,1.0,250.0,20.0,189.13400694105994
train-micro-008-s2-r1,train-micro-008-s2,train-micro-008,batch-train-micro-008,synthetic-foaming-polymer-A,synthetic-fixed-fdm-context,synthetic_demo,examples/generate_foam_fixtures.py,train,micro,220.0,0.7,0.5249791874789399,1.0,250.0,20.0,190.2722370553503
train-micro-008-s2-r2,train-micro-008-s2,train-micro-008,batch-train-micro-008,synthetic-foaming-polymer-A,synthetic-fixed-fdm-context,synthetic_demo,examples/generate_foam_fixtures.py,train,micro,220.0,0.7,0.5249791874789399,1.0,250.0,20.0,191.03485123192488
train-hierarchical-081-s1-r1,train-hierarchical-081-s1,train-hierarchical-081,batch-train-hierarchical-081,synthetic-foaming-polymer-A,synthetic-fixed-fdm-context,synthetic_demo,examples/generate_foam_fixtures.py,train,hierarchical,220.0,0.7,0.18374271561762895,0.20368245106464344,250.0,20.0,34.85078717204055
train-hierarchical-081-s1-r2,train-hierarchical-081-s1,train-hierarchical-081,batch-train-hierarchical-081,synthetic-foaming-polymer-A,synthetic-fixed-fdm-context,synthetic_demo,examples/generate_foam_fixtures.py,train,hierarchical,220.0,0.7,0.18374271561762895,0.20368245106464344,250.0,20.0,34.990469685756146
train-hierarchical-081-s2-r1,train-hierarchical-081-s2,train-hierarchical-081,batch-train-hierarchical-081,synthetic-foaming-polymer-A,synthetic-fixed-fdm-context,synthetic_demo,examples/generate_foam_fixtures.py,train,hierarchical,220.0,0.7,0.18374271561762895,0.20368245106464344,250.0,20.0,35.20104633959874
train-hierarchical-081-s2-r2,train-hierarchical-081-s2,train-hierarchical-081,batch-train-hierarchical-081,synthetic-foaming-polymer-A,synthetic-fixed-fdm-context,synthetic_demo,examples/generate_foam_fixtures.py,train,hierarchical,220.0,0.7,0.18374271561762895,0.20368245106464344,250.0,20.0,35.342132697673286
train-hierarchical-082-s1-r1,train-hierarchical-082-s1,train-hierarchical-082,batch-train-hierarchical-082,synthetic-foaming-polymer-A,synthetic-fixed-fdm-context,synthetic_demo,examples/generate_foam_fixtures.py,train,hierarchical,220.0,0.7,0.28873855311341695,0.36732125441384084,250.0,20.0,78.38014940356894
train-hierarchical-082-s1-r2,train-hierarchical-082-s1,train-hierarchical-082,batch-train-hierarchical-082,synthetic-foaming-polymer-A,synthetic-fixed-fdm-context,synthetic_demo,examples/generate_foam_fixtures.py,train,hierarchical,220.0,0.7,0.28873855311341695,0.36732125441384084,250.0,20.0,78.69429829897402
train-hierarchical-082-s2-r1,train-hierarchical-082-s2,train-hierarchical-082,batch-train-hierarchical-082,synthetic-foaming-polymer-A,synthetic-fixed-fdm-context,synthetic_demo,examples/generate_foam_fixtures.py,train,hierarchical,220.0,0.7,0.28873855311341695,0.36732125441384084,250.0,20.0,79.16788959857966
train-hierarchical-082-s2-r2,train-hierarchical-082-s2,train-hierarchical-082,batch-train-hierarchical-082,synthetic-foaming-polymer-A,synthetic-fixed-fdm-context,synthetic_demo,examples/generate_foam_fixtures.py,train,hierarchical,220.0,0.7,0.28873855311341695,0.36732125441384084,250.0,20.0,79.48519576931547
train-hierarchical-083-s1-r1,train-hierarchical-083-s1,train-hierarchical-083,batch-train-hierarchical-083,synthetic-foaming-polymer-A,synthetic-fixed-fdm-context,synthetic_demo,examples/generate_foam_fixtures.py,train,hierarchical,220.0,0.7,0.3937343906092049,0.5876394832106475,250.0,20.0,133.59166338436341
train-hierarchical-083-s1-r2,train-hierarchical-083-s1,train-hierarchical-083,batch-train-hierarchical-083,synthetic-foaming-polymer-A,synthetic-fixed-fdm-context,synthetic_demo,examples/generate_foam_fixtures.py,train,hierarchical,220.0,0.7,0.3937343906092049,0.5876394832106475,250.0,20.0,134.12710091295804
train-hierarchical-083-s2-r1,train-hierarchical-083-s2,train-hierarchical-083,batch-train-hierarchical-083,synthetic-foaming-polymer-A,synthetic-fixed-fdm-context,synthetic_demo,examples/generate_foam_fixtures.py,train,hierarchical,220.0,0.7,0.3937343906092049,0.5876394832106475,250.0,20.0,134.9342931671208
train-hierarchical-083-s2-r2,train-hierarchical-083-s2,train-hierarchical-083,batch-train-hierarchical-083,synthetic-foaming-polymer-A,synthetic-fixed-fdm-context,synthetic_demo,examples/generate_foam_fixtures.py,train,hierarchical,220.0,0.7,0.3937343906092049,0.5876394832106475,250.0,20.0,135.47511197740988
train-micro-009-s1-r1,train-micro-009-s1,train-micro-009,batch-train-micro-009,synthetic-foaming-polymer-A,synthetic-fixed-fdm-context,synthetic_demo,examples/generate_foam_fixtures.py,train,micro,220.0,0.9,0.6224593312018547,1.0,250.0,20.0,288.37305726920886
train-micro-009-s1-r2,train-micro-009-s1,train-micro-009,batch-train-micro-009,synthetic-foaming-polymer-A,synthetic-fixed-fdm-context,synthetic_demo,examples/generate_foam_fixtures.py,train,micro,220.0,0.9,0.6224593312018547,1.0,250.0,20.0,289.5288611059592
train-micro-009-s2-r1,train-micro-009-s2,train-micro-009,batch-train-micro-009,synthetic-foaming-polymer-A,synthetic-fixed-fdm-context,synthetic_demo,examples/generate_foam_fixtures.py,train,micro,220.0,0.9,0.6224593312018547,1.0,250.0,20.0,291.27127895030645
train-micro-009-s2-r2,train-micro-009-s2,train-micro-009,batch-train-micro-009,synthetic-foaming-polymer-A,synthetic-fixed-fdm-context,synthetic_demo,examples/generate_foam_fixtures.py,train,micro,220.0,0.9,0.6224593312018547,1.0,250.0,20.0,292.43869890601906
train-hierarchical-091-s1-r1,train-hierarchical-091-s1,train-hierarchical-091,batch-train-hierarchical-091,synthetic-foaming-polymer-A,synthetic-fixed-fdm-context,synthetic_demo,examples/generate_foam_fixtures.py,train,hierarchical,220.0,0.9,0.21786076592064912,0.16894592205809847,250.0,20.0,52.65700543843792
train-hierarchical-091-s1-r2,train-hierarchical-091-s1,train-hierarchical-091,batch-train-hierarchical-091,synthetic-foaming-polymer-A,synthetic-fixed-fdm-context,synthetic_demo,examples/generate_foam_fixtures.py,train,hierarchical,220.0,0.9,0.21786076592064912,0.16894592205809847,250.0,20.0,52.868055560435664
train-hierarchical-091-s2-r1,train-hierarchical-091-s2,train-hierarchical-091,batch-train-hierarchical-091,synthetic-foaming-polymer-A,synthetic-fixed-fdm-context,synthetic_demo,examples/generate_foam_fixtures.py,train,hierarchical,220.0,0.9,0.21786076592064912,0.16894592205809847,250.0,20.0,53.1862215734976
train-hierarchical-091-s2-r2,train-hierarchical-091-s2,train-hierarchical-091,batch-train-hierarchical-091,synthetic-foaming-polymer-A,synthetic-fixed-fdm-context,synthetic_demo,examples/generate_foam_fixtures.py,train,hierarchical,220.0,0.9,0.21786076592064912,0.16894592205809847,250.0,20.0,53.39939280224909
train-hierarchical-092-s1-r1,train-hierarchical-092-s1,train-hierarchical-092,batch-train-hierarchical-092,synthetic-foaming-polymer-A,synthetic-fixed-fdm-context,synthetic_demo,examples/generate_foam_fixtures.py,train,hierarchical,220.0,0.9,0.34235263216102013,0.3157427186568181,250.0,20.0,118.81428346981632
train-hierarchical-092-s1-r2,train-hierarchical-092-s1,train-hierarchical-092,batch-train-hierarchical-092,synthetic-foaming-polymer-A,synthetic-fixed-fdm-context,synthetic_demo,examples/generate_foam_fixtures.py,train,hierarchical,220.0,0.9,0.34235263216102013,0.3157427186568181,250.0,20.0,119.29049302280156
train-hierarchical-092-s2-r1,train-hierarchical-092-s2,train-hierarchical-092,batch-train-hierarchical-092,synthetic-foaming-polymer-A,synthetic-fixed-fdm-context,synthetic_demo,examples/generate_foam_fixtures.py,train,hierarchical,220.0,0.9,0.34235263216102013,0.3157427186568181,250.0,20.0,120.008396871523
train-hierarchical-092-s2-r2,train-hierarchical-092-s2,train-hierarchical-092,batch-train-hierarchical-092,synthetic-foaming-polymer-A,synthetic-fixed-fdm-context,synthetic_demo,examples/generate_foam_fixtures.py,train,hierarchical,220.0,0.9,0.34235263216102013,0.3157427186568181,250.0,20.0,120.48939245016639
train-hierarchical-093-s1-r1,train-hierarchical-093-s1,train-hierarchical-093,batch-train-hierarchical-093,synthetic-foaming-polymer-A,synthetic-fixed-fdm-context,synthetic_demo,examples/generate_foam_fixtures.py,train,hierarchical,220.0,0.9,0.46684449840139103,0.5310936504445662,250.0,20.0,205.3293689101571
train-hierarchical-093-s1-r2,train-hierarchical-093-s1,train-hierarchical-093,batch-train-hierarchical-093,synthetic-foaming-polymer-A,synthetic-fixed-fdm-context,synthetic_demo,examples/generate_foam_fixtures.py,train,hierarchical,220.0,0.9,0.46684449840139103,0.5310936504445662,250.0,20.0,206.1523323126026
train-hierarchical-093-s2-r1,train-hierarchical-093-s2,train-hierarchical-093,batch-train-hierarchical-093,synthetic-foaming-polymer-A,synthetic-fixed-fdm-context,synthetic_demo,examples/generate_foam_fixtures.py,train,hierarchical,220.0,0.9,0.46684449840139103,0.5310936504445662,250.0,20.0,207.39298065799784
train-hierarchical-093-s2-r2,train-hierarchical-093-s2,train-hierarchical-093,batch-train-hierarchical-093,synthetic-foaming-polymer-A,synthetic-fixed-fdm-context,synthetic_demo,examples/generate_foam_fixtures.py,train,hierarchical,220.0,0.9,0.46684449840139103,0.5310936504445662,250.0,20.0,208.22421504941263
train-macro-001-s1-r1,train-macro-001-s1,train-macro-001,batch-train-macro-001,synthetic-foaming-polymer-A,synthetic-fixed-fdm-context,synthetic_demo,examples/generate_foam_fixtures.py,train,macro,210.0,0.7,0.2,0.0,250.0,0.0,64.37312828327522
train-macro-001-s1-r2,train-macro-001-s1,train-macro-001,batch-train-macro-001,synthetic-foaming-polymer-A,synthetic-fixed-fdm-context,synthetic_demo,examples/generate_foam_fixtures.py,train,macro,210.0,0.7,0.2,0.0,250.0,0.0,64.6311368134687
train-macro-001-s2-r1,train-macro-001-s2,train-macro-001,batch-train-macro-001,synthetic-foaming-polymer-A,synthetic-fixed-fdm-context,synthetic_demo,examples/generate_foam_fixtures.py,train,macro,210.0,0.7,0.2,0.0,250.0,0.0,65.02009439667496
train-macro-001-s2-r2,train-macro-001-s2,train-macro-001,batch-train-macro-001,synthetic-foaming-polymer-A,synthetic-fixed-fdm-context,synthetic_demo,examples/generate_foam_fixtures.py,train,macro,210.0,0.7,0.2,0.0,250.0,0.0,65.28069597742315
train-macro-002-s1-r1,train-macro-002-s1,train-macro-002,batch-train-macro-002,synthetic-foaming-polymer-A,synthetic-fixed-fdm-context,synthetic_demo,examples/generate_foam_fixtures.py,train,macro,210.0,0.7,0.3,0.0,250.0,0.0,128.25070320731618
train-macro-002-s1-r2,train-macro-002-s1,train-macro-002,batch-train-macro-002,synthetic-foaming-polymer-A,synthetic-fixed-fdm-context,synthetic_demo,examples/generate_foam_fixtures.py,train,macro,210.0,0.7,0.3,0.0,250.0,0.0,128.76473408189457
train-macro-002-s2-r1,train-macro-002-s2,train-macro-002,batch-train-macro-002,synthetic-foaming-polymer-A,synthetic-fixed-fdm-context,synthetic_demo,examples/generate_foam_fixtures.py,train,macro,210.0,0.7,0.3,0.0,250.0,0.0,129.53965499834445
train-macro-002-s2-r2,train-macro-002-s2,train-macro-002,batch-train-macro-002,synthetic-foaming-polymer-A,synthetic-fixed-fdm-context,synthetic_demo,examples/generate_foam_fixtures.py,train,macro,210.0,0.7,0.3,0.0,250.0,0.0,130.05885201236586
train-macro-003-s1-r1,train-macro-003-s1,train-macro-003,batch-train-macro-003,synthetic-foaming-polymer-A,synthetic-fixed-fdm-context,synthetic_demo,examples/generate_foam_fixtures.py,train,macro,210.0,0.7,0.4,0.0,250.0,0.0,209.14891083615058
train-macro-003-s1-r2,train-macro-003-s1,train-macro-003,batch-train-macro-003,synthetic-foaming-polymer-A,synthetic-fixed-fdm-context,synthetic_demo,examples/generate_foam_fixtures.py,train,macro,210.0,0.7,0.4,0.0,250.0,0.0,209.98718302387064
train-macro-003-s2-r1,train-macro-003-s2,train-macro-003,batch-train-macro-003,synthetic-foaming-polymer-A,synthetic-fixed-fdm-context,synthetic_demo,examples/generate_foam_fixtures.py,train,macro,210.0,0.7,0.4,0.0,250.0,0.0,211.25090994003145
train-macro-003-s2-r2,train-macro-003-s2,train-macro-003,batch-train-macro-003,synthetic-foaming-polymer-A,synthetic-fixed-fdm-context,synthetic_demo,examples/generate_foam_fixtures.py,train,macro,210.0,0.7,0.4,0.0,250.0,0.0,212.09760697385926
train-macro-004-s1-r1,train-macro-004-s1,train-macro-004,batch-train-macro-004,synthetic-foaming-polymer-A,synthetic-fixed-fdm-context,synthetic_demo,examples/generate_foam_fixtures.py,train,macro,210.0,0.7,0.5,0.0,250.0,0.0,305.6346784739088
train-macro-004-s1-r2,train-macro-004-s1,train-macro-004,batch-train-macro-004,synthetic-foaming-polymer-A,synthetic-fixed-fdm-context,synthetic_demo,examples/generate_foam_fixtures.py,train,macro,210.0,0.7,0.5,0.0,250.0,0.0,306.85966716518703
train-macro-004-s2-r1,train-macro-004-s2,train-macro-004,batch-train-macro-004,synthetic-foaming-polymer-A,synthetic-fixed-fdm-context,synthetic_demo,examples/generate_foam_fixtures.py,train,macro,210.0,0.7,0.5,0.0,250.0,0.0,308.70638378520437
train-macro-004-s2-r2,train-macro-004-s2,train-macro-004,batch-train-macro-004,synthetic-foaming-polymer-A,synthetic-fixed-fdm-context,synthetic_demo,examples/generate_foam_fixtures.py,train,macro,210.0,0.7,0.5,0.0,250.0,0.0,309.94368392061597
train-macro-005-s1-r1,train-macro-005-s1,train-macro-005,batch-train-macro-005,synthetic-foaming-polymer-A,synthetic-fixed-fdm-context,synthetic_demo,examples/generate_foam_fixtures.py,train,macro,210.0,0.7,0.6,0.0,250.0,0.0,416.6877640580595
train-macro-005-s1-r2,train-macro-005-s1,train-macro-005,batch-train-macro-005,synthetic-foaming-polymer-A,synthetic-fixed-fdm-context,synthetic_demo,examples/generate_foam_fixtures.py,train,macro,210.0,0.7,0.6,0.0,250.0,0.0,418.3578552967692
train-macro-005-s2-r1,train-macro-005-s2,train-macro-005,batch-train-macro-005,synthetic-foaming-polymer-A,synthetic-fixed-fdm-context,synthetic_demo,examples/generate_foam_fixtures.py,train,macro,210.0,0.7,0.6,0.0,250.0,0.0,420.87558078226107
train-macro-005-s2-r2,train-macro-005-s2,train-macro-005,batch-train-macro-005,synthetic-foaming-polymer-A,synthetic-fixed-fdm-context,synthetic_demo,examples/generate_foam_fixtures.py,train,macro,210.0,0.7,0.6,0.0,250.0,0.0,422.5624568575407
train-macro-006-s1-r1,train-macro-006-s1,train-macro-006,batch-train-macro-006,synthetic-foaming-polymer-A,synthetic-fixed-fdm-context,synthetic_demo,examples/generate_foam_fixtures.py,train,macro,210.0,0.7,0.7,0.0,250.0,0.0,541.5272182886179
train-macro-006-s1-r2,train-macro-006-s1,train-macro-006,batch-train-macro-006,synthetic-foaming-polymer-A,synthetic-fixed-fdm-context,synthetic_demo,examples/generate_foam_fixtures.py,train,macro,210.0,0.7,0.7,0.0,250.0,0.0,543.6976680613177
train-macro-006-s2-r1,train-macro-006-s2,train-macro-006,batch-train-macro-006,synthetic-foaming-polymer-A,synthetic-fixed-fdm-context,synthetic_demo,examples/generate_foam_fixtures.py,train,macro,210.0,0.7,0.7,0.0,250.0,0.0,546.9697028945335
train-macro-006-s2-r2,train-macro-006-s2,train-macro-006,batch-train-macro-006,synthetic-foaming-polymer-A,synthetic-fixed-fdm-context,synthetic_demo,examples/generate_foam_fixtures.py,train,macro,210.0,0.7,0.7,0.0,250.0,0.0,549.1619662327881
train-macro-007-s1-r1,train-macro-007-s1,train-macro-007,batch-train-macro-007,synthetic-foaming-polymer-A,synthetic-fixed-fdm-context,synthetic_demo,examples/generate_foam_fixtures.py,train,macro,210.0,0.7,0.8,0.0,250.0,0.0,679.5268160878397
train-macro-007-s1-r2,train-macro-007-s1,train-macro-007,batch-train-macro-007,synthetic-foaming-polymer-A,synthetic-fixed-fdm-context,synthetic_demo,examples/generate_foam_fixtures.py,train,macro,210.0,0.7,0.8,0.0,250.0,0.0,682.2503704609373
train-macro-007-s2-r1,train-macro-007-s2,train-macro-007,batch-train-macro-007,synthetic-foaming-polymer-A,synthetic-fixed-fdm-context,synthetic_demo,examples/generate_foam_fixtures.py,train,macro,210.0,0.7,0.8,0.0,250.0,0.0,686.3562313249034
train-macro-007-s2-r2,train-macro-007-s2,train-macro-007,batch-train-macro-007,synthetic-foaming-polymer-A,synthetic-fixed-fdm-context,synthetic_demo,examples/generate_foam_fixtures.py,train,macro,210.0,0.7,0.8,0.0,250.0,0.0,689.1071581037608
holdout-micro-001-s1-r1,holdout-micro-001-s1,holdout-micro-001,batch-holdout-micro-001,synthetic-foaming-polymer-A,synthetic-fixed-fdm-context,synthetic_demo,examples/generate_foam_fixtures.py,holdout,micro,205.0,0.6,0.7211151780228631,1.0,250.0,20.0,416.57079492500776
holdout-micro-001-s1-r2,holdout-micro-001-s1,holdout-micro-001,batch-holdout-micro-001,synthetic-foaming-polymer-A,synthetic-fixed-fdm-context,synthetic_demo,examples/generate_foam_fixtures.py,holdout,micro,205.0,0.6,0.7211151780228631,1.0,250.0,20.0,418.24041734955694
holdout-micro-001-s2-r1,holdout-micro-001-s2,holdout-micro-001,batch-holdout-micro-001,synthetic-foaming-polymer-A,synthetic-fixed-fdm-context,synthetic_demo,examples/generate_foam_fixtures.py,holdout,micro,205.0,0.6,0.7211151780228631,1.0,250.0,20.0,420.75743608003296
holdout-micro-001-s2-r2,holdout-micro-001-s2,holdout-micro-001,batch-holdout-micro-001,synthetic-foaming-polymer-A,synthetic-fixed-fdm-context,synthetic_demo,examples/generate_foam_fixtures.py,holdout,micro,205.0,0.6,0.7211151780228631,1.0,250.0,20.0,422.44383862945193
holdout-hierarchical-011-s1-r1,holdout-hierarchical-011-s1,holdout-hierarchical-011,batch-holdout-hierarchical-011,synthetic-foaming-polymer-A,synthetic-fixed-fdm-context,synthetic_demo,examples/generate_foam_fixtures.py,holdout,hierarchical,205.0,0.6,0.3245018301102884,0.18578609903591847,250.0,20.0,117.37279061704882
holdout-hierarchical-011-s1-r2,holdout-hierarchical-011-s1,holdout-hierarchical-011,batch-holdout-hierarchical-011,synthetic-foaming-polymer-A,synthetic-fixed-fdm-context,synthetic_demo,examples/generate_foam_fixtures.py,holdout,hierarchical,205.0,0.6,0.3245018301102884,0.18578609903591847,250.0,20.0,117.84322264357007
holdout-hierarchical-011-s2-r1,holdout-hierarchical-011-s2,holdout-hierarchical-011,batch-holdout-hierarchical-011,synthetic-foaming-polymer-A,synthetic-fixed-fdm-context,synthetic_demo,examples/generate_foam_fixtures.py,holdout,hierarchical,205.0,0.6,0.3245018301102884,0.18578609903591847,250.0,20.0,118.55241665340105
holdout-hierarchical-011-s2-r2,holdout-hierarchical-011-s2,holdout-hierarchical-011,batch-holdout-hierarchical-011,synthetic-foaming-polymer-A,synthetic-fixed-fdm-context,synthetic_demo,examples/generate_foam_fixtures.py,holdout,hierarchical,205.0,0.6,0.3245018301102884,0.18578609903591847,250.0,20.0,119.02757663998784
holdout-hierarchical-012-s1-r1,holdout-hierarchical-012-s1,holdout-hierarchical-012,batch-holdout-hierarchical-012,synthetic-foaming-polymer-A,synthetic-fixed-fdm-context,synthetic_demo,examples/generate_foam_fixtures.py,holdout,hierarchical,205.0,0.6,0.468724865714861,0.3412076391059692,250.0,20.0,229.20033748538788
holdout-hierarchical-012-s1-r2,holdout-hierarchical-012-s1,holdout-hierarchical-012,batch-holdout-hierarchical-012,synthetic-foaming-polymer-A,synthetic-fixed-fdm-context,synthetic_demo,examples/generate_foam_fixtures.py,holdout,hierarchical,205.0,0.6,0.468724865714861,0.3412076391059692,250.0,20.0,230.11897611258382
holdout-hierarchical-012-s2-r1,holdout-hierarchical-012-s2,holdout-hierarchical-012,batch-holdout-hierarchical-012,synthetic-foaming-polymer-A,synthetic-fixed-fdm-context,synthetic_demo,examples/generate_foam_fixtures.py,holdout,hierarchical,205.0,0.6,0.468724865714861,0.3412076391059692,250.0,20.0,231.5038584651405
holdout-hierarchical-012-s2-r2,holdout-hierarchical-012-s2,holdout-hierarchical-012,batch-holdout-hierarchical-012,synthetic-foaming-polymer-A,synthetic-fixed-fdm-context,synthetic_demo,examples/generate_foam_fixtures.py,holdout,hierarchical,205.0,0.6,0.468724865714861,0.3412076391059692,250.0,20.0,232.43172964135348
holdout-micro-002-s1-r1,holdout-micro-002-s1,holdout-micro-002,batch-holdout-micro-002,synthetic-foaming-polymer-A,synthetic-fixed-fdm-context,synthetic_demo,examples/generate_foam_fixtures.py,holdout,micro,205.0,0.8,0.7941296281990528,1.0,250.0,20.0,530.1584964210339
holdout-micro-002-s1-r2,holdout-micro-002-s1,holdout-micro-002,batch-holdout-micro-002,synthetic-foaming-polymer-A,synthetic-fixed-fdm-context,synthetic_demo,examples/generate_foam_fixtures.py,holdout,micro,205.0,0.8,0.7941296281990528,1.0,250.0,20.0,532.2833801742244
holdout-micro-002-s2-r1,holdout-micro-002-s2,holdout-micro-002,batch-holdout-micro-002,synthetic-foaming-polymer-A,synthetic-fixed-fdm-context,synthetic_demo,examples/generate_foam_fixtures.py,holdout,micro,205.0,0.8,0.7941296281990528,1.0,250.0,20.0,535.4867225157176
holdout-micro-002-s2-r2,holdout-micro-002-s2,holdout-micro-002,batch-holdout-micro-002,synthetic-foaming-polymer-A,synthetic-fixed-fdm-context,synthetic_demo,examples/generate_foam_fixtures.py,holdout,micro,205.0,0.8,0.7941296281990528,1.0,250.0,20.0,537.6329618845181
holdout-hierarchical-021-s1-r1,holdout-hierarchical-021-s1,holdout-hierarchical-021,batch-holdout-hierarchical-021,synthetic-foaming-polymer-A,synthetic-fixed-fdm-context,synthetic_demo,examples/generate_foam_fixtures.py,holdout,hierarchical,205.0,0.8,0.35735833268957373,0.14415757960131764,250.0,20.0,146.8980239214721
holdout-hierarchical-021-s1-r2,holdout-hierarchical-021-s1,holdout-hierarchical-021,batch-holdout-hierarchical-021,synthetic-foaming-polymer-A,synthetic-fixed-fdm-context,synthetic_demo,examples/generate_foam_fixtures.py,holdout,hierarchical,205.0,0.8,0.35735833268957373,0.14415757960131764,250.0,20.0,147.48679355642787
holdout-hierarchical-021-s2-r1,holdout-hierarchical-021-s2,holdout-hierarchical-021,batch-holdout-hierarchical-021,synthetic-foaming-polymer-A,synthetic-fixed-fdm-context,synthetic_demo,examples/generate_foam_fixtures.py,holdout,hierarchical,205.0,0.8,0.35735833268957373,0.14415757960131764,250.0,20.0,148.3743859709341
holdout-hierarchical-021-s2-r2,holdout-hierarchical-021-s2,holdout-hierarchical-021,batch-holdout-hierarchical-021,synthetic-foaming-polymer-A,synthetic-fixed-fdm-context,synthetic_demo,examples/generate_foam_fixtures.py,holdout,hierarchical,205.0,0.8,0.35735833268957373,0.14415757960131764,250.0,20.0,148.96907288865327
holdout-hierarchical-022-s1-r1,holdout-hierarchical-022-s1,holdout-hierarchical-022,batch-holdout-hierarchical-022,synthetic-foaming-polymer-A,synthetic-fixed-fdm-context,synthetic_demo,examples/generate_foam_fixtures.py,holdout,hierarchical,205.0,0.8,0.5161842583293843,0.2765841004026656,250.0,20.0,287.40611656156443
holdout-hierarchical-022-s1-r2,holdout-hierarchical-022-s1,holdout-hierarchical-022,batch-holdout-hierarchical-022,synthetic-foaming-polymer-A,synthetic-fixed-fdm-context,synthetic_demo,examples/generate_foam_fixtures.py,holdout,hierarchical,205.0,0.8,0.5161842583293843,0.2765841004026656,250.0,20.0,288.5580448844564
holdout-hierarchical-022-s2-r1,holdout-hierarchical-022-s2,holdout-hierarchical-022,batch-holdout-hierarchical-022,synthetic-foaming-polymer-A,synthetic-fixed-fdm-context,synthetic_demo,examples/generate_foam_fixtures.py,holdout,hierarchical,205.0,0.8,0.5161842583293843,0.2765841004026656,250.0,20.0,290.2946202456002
holdout-hierarchical-022-s2-r2,holdout-hierarchical-022-s2,holdout-hierarchical-022,batch-holdout-hierarchical-022,synthetic-foaming-polymer-A,synthetic-fixed-fdm-context,synthetic_demo,examples/generate_foam_fixtures.py,holdout,hierarchical,205.0,0.8,0.5161842583293843,0.2765841004026656,250.0,20.0,291.45812573756655
holdout-micro-003-s1-r1,holdout-micro-003-s1,holdout-micro-003,batch-holdout-micro-003,synthetic-foaming-polymer-A,synthetic-fixed-fdm-context,synthetic_demo,examples/generate_foam_fixtures.py,holdout,micro,215.0,0.6,0.5621765008857981,1.0,250.0,20.0,223.54190489210913
holdout-micro-003-s1-r2,holdout-micro-003-s1,holdout-micro-003,batch-holdout-micro-003,synthetic-foaming-polymer-A,synthetic-fixed-fdm-context,synthetic_demo,examples/generate_foam_fixtures.py,holdout,micro,215.0,0.6,0.5621765008857981,1.0,250.0,20.0,224.43786443075487
holdout-micro-003-s2-r1,holdout-micro-003-s2,holdout-micro-003,batch-holdout-micro-003,synthetic-foaming-polymer-A,synthetic-fixed-fdm-context,synthetic_demo,examples/generate_foam_fixtures.py,holdout,micro,215.0,0.6,0.5621765008857981,1.0,250.0,20.0,225.78855720258258
holdout-micro-003-s2-r2,holdout-micro-003-s2,holdout-micro-003,batch-holdout-micro-003,synthetic-foaming-polymer-A,synthetic-fixed-fdm-context,synthetic_demo,examples/generate_foam_fixtures.py,holdout,micro,215.0,0.6,0.5621765008857981,1.0,250.0,20.0,226.69352135970718
holdout-hierarchical-031-s1-r1,holdout-hierarchical-031-s1,holdout-hierarchical-031,batch-holdout-hierarchical-031,synthetic-foaming-polymer-A,synthetic-fixed-fdm-context,synthetic_demo,examples/generate_foam_fixtures.py,holdout,hierarchical,215.0,0.6,0.2529794253986091,0.26374183161758397,250.0,20.0,64.62782551381373
holdout-hierarchical-031-s1-r2,holdout-hierarchical-031-s1,holdout-hierarchical-031,batch-holdout-hierarchical-031,synthetic-foaming-polymer-A,synthetic-fixed-fdm-context,synthetic_demo,examples/generate_foam_fixtures.py,holdout,hierarchical,215.0,0.6,0.2529794253986091,0.26374183161758397,250.0,20.0,64.88685487459055
holdout-hierarchical-031-s2-r1,holdout-hierarchical-031-s2,holdout-hierarchical-031,batch-holdout-hierarchical-031,synthetic-foaming-polymer-A,synthetic-fixed-fdm-context,synthetic_demo,examples/generate_foam_fixtures.py,holdout,hierarchical,215.0,0.6,0.2529794253986091,0.26374183161758397,250.0,20.0,65.27735139837468
holdout-hierarchical-031-s2-r2,holdout-hierarchical-031-s2,holdout-hierarchical-031,batch-holdout-hierarchical-031,synthetic-foaming-polymer-A,synthetic-fixed-fdm-context,synthetic_demo,examples/generate_foam_fixtures.py,holdout,hierarchical,215.0,0.6,0.2529794253986091,0.26374183161758397,250.0,20.0,65.53898406931005
holdout-hierarchical-032-s1-r1,holdout-hierarchical-032-s1,holdout-hierarchical-032,batch-holdout-hierarchical-032,synthetic-foaming-polymer-A,synthetic-fixed-fdm-context,synthetic_demo,examples/generate_foam_fixtures.py,holdout,hierarchical,215.0,0.6,0.36541472557576876,0.44845867985581567,250.0,20.0,124.67047151279044
holdout-hierarchical-032-s1-r2,holdout-hierarchical-032-s1,holdout-hierarchical-032,batch-holdout-hierarchical-032,synthetic-foaming-polymer-A,synthetic-fixed-fdm-context,synthetic_demo,examples/generate_foam_fixtures.py,holdout,hierarchical,215.0,0.6,0.36541472557576876,0.44845867985581567,250.0,20.0,125.1701527613387
holdout-hierarchical-032-s2-r1,holdout-hierarchical-032-s2,holdout-hierarchical-032,batch-holdout-hierarchical-032,synthetic-foaming-polymer-A,synthetic-fixed-fdm-context,synthetic_demo,examples/generate_foam_fixtures.py,holdout,hierarchical,215.0,0.6,0.36541472557576876,0.44845867985581567,250.0,20.0,125.92344107573304
holdout-hierarchical-032-s2-r2,holdout-hierarchical-032-s2,holdout-hierarchical-032,batch-holdout-hierarchical-032,synthetic-foaming-polymer-A,synthetic-fixed-fdm-context,synthetic_demo,examples/generate_foam_fixtures.py,holdout,hierarchical,215.0,0.6,0.36541472557576876,0.44845867985581567,250.0,20.0,126.42814424637727
holdout-micro-004-s1-r1,holdout-micro-004-s1,holdout-micro-004,batch-holdout-micro-004,synthetic-foaming-polymer-A,synthetic-fixed-fdm-context,synthetic_demo,examples/generate_foam_fixtures.py,holdout,micro,215.0,0.8,0.6570104626734988,1.0,250.0,20.0,330.0714350370571
holdout-micro-004-s1-r2,holdout-micro-004-s1,holdout-micro-004,batch-holdout-micro-004,synthetic-foaming-polymer-A,synthetic-fixed-fdm-context,synthetic_demo,examples/generate_foam_fixtures.py,holdout,micro,215.0,0.8,0.6570104626734988,1.0,250.0,20.0,331.39436664041204
holdout-micro-004-s2-r1,holdout-micro-004-s2,holdout-micro-004,batch-holdout-micro-004,synthetic-foaming-polymer-A,synthetic-fixed-fdm-context,synthetic_demo,examples/generate_foam_fixtures.py,holdout,micro,215.0,0.8,0.6570104626734988,1.0,250.0,20.0,333.38873589170083
holdout-micro-004-s2-r2,holdout-micro-004-s2,holdout-micro-004,batch-holdout-micro-004,synthetic-foaming-polymer-A,synthetic-fixed-fdm-context,synthetic_demo,examples/generate_foam_fixtures.py,holdout,micro,215.0,0.8,0.6570104626734988,1.0,250.0,20.0,334.7249632900644
holdout-hierarchical-041-s1-r1,holdout-hierarchical-041-s1,holdout-hierarchical-041,batch-holdout-hierarchical-041,synthetic-foaming-polymer-A,synthetic-fixed-fdm-context,synthetic_demo,examples/generate_foam_fixtures.py,holdout,hierarchical,215.0,0.8,0.2956547082030745,0.21913299285803395,250.0,20.0,94.1147000631913
holdout-hierarchical-041-s1-r2,holdout-hierarchical-041-s1,holdout-hierarchical-041,batch-holdout-hierarchical-041,synthetic-foaming-polymer-A,synthetic-fixed-fdm-context,synthetic_demo,examples/generate_foam_fixtures.py,holdout,hierarchical,215.0,0.8,0.2956547082030745,0.21913299285803395,250.0,20.0,94.49191328989747
holdout-hierarchical-041-s2-r1,holdout-hierarchical-041-s2,holdout-hierarchical-041,batch-holdout-hierarchical-041,synthetic-foaming-polymer-A,synthetic-fixed-fdm-context,synthetic_demo,examples/generate_foam_fixtures.py,holdout,hierarchical,215.0,0.8,0.2956547082030745,0.21913299285803395,250.0,20.0,95.06057644573592
holdout-hierarchical-041-s2-r2,holdout-hierarchical-041-s2,holdout-hierarchical-041,batch-holdout-hierarchical-041,synthetic-foaming-polymer-A,synthetic-fixed-fdm-context,synthetic_demo,examples/generate_foam_fixtures.py,holdout,hierarchical,215.0,0.8,0.2956547082030745,0.21913299285803395,250.0,20.0,95.44158076014769
holdout-hierarchical-042-s1-r1,holdout-hierarchical-042-s1,holdout-hierarchical-042,batch-holdout-hierarchical-042,synthetic-foaming-polymer-A,synthetic-fixed-fdm-context,synthetic_demo,examples/generate_foam_fixtures.py,holdout,hierarchical,215.0,0.8,0.42705680073777424,0.3891191998601395,250.0,20.0,183.02109371164104
holdout-hierarchical-042-s1-r2,holdout-hierarchical-042-s1,holdout-hierarchical-042,batch-holdout-hierarchical-042,synthetic-foaming-polymer-A,synthetic-fixed-fdm-context,synthetic_demo,examples/generate_foam_fixtures.py,holdout,hierarchical,215.0,0.8,0.42705680073777424,0.3891191998601395,250.0,20.0,183.7546451894432
holdout-hierarchical-042-s2-r1,holdout-hierarchical-042-s2,holdout-hierarchical-042,batch-holdout-hierarchical-042,synthetic-foaming-polymer-A,synthetic-fixed-fdm-context,synthetic_demo,examples/generate_foam_fixtures.py,holdout,hierarchical,215.0,0.8,0.42705680073777424,0.3891191998601395,250.0,20.0,184.86050168864244
holdout-hierarchical-042-s2-r2,holdout-hierarchical-042-s2,holdout-hierarchical-042,batch-holdout-hierarchical-042,synthetic-foaming-polymer-A,synthetic-fixed-fdm-context,synthetic_demo,examples/generate_foam_fixtures.py,holdout,hierarchical,215.0,0.8,0.42705680073777424,0.3891191998601395,250.0,20.0,185.60142554310596
holdout-macro-001-s1-r1,holdout-macro-001-s1,holdout-macro-001,batch-holdout-macro-001,synthetic-foaming-polymer-A,synthetic-fixed-fdm-context,synthetic_demo,examples/generate_foam_fixtures.py,holdout,macro,210.0,0.7,0.25,0.0,250.0,0.0,94.07010673190565
holdout-macro-001-s1-r2,holdout-macro-001-s1,holdout-macro-001,batch-holdout-macro-001,synthetic-foaming-polymer-A,synthetic-fixed-fdm-context,synthetic_demo,examples/generate_foam_fixtures.py,holdout,macro,210.0,0.7,0.25,0.0,250.0,0.0,94.44714122782513
holdout-macro-001-s2-r1,holdout-macro-001-s2,holdout-macro-001,batch-holdout-macro-001,synthetic-foaming-polymer-A,synthetic-fixed-fdm-context,synthetic_demo,examples/generate_foam_fixtures.py,holdout,macro,210.0,0.7,0.25,0.0,250.0,0.0,95.0155349402665
holdout-macro-001-s2-r2,holdout-macro-001-s2,holdout-macro-001,batch-holdout-macro-001,synthetic-foaming-polymer-A,synthetic-fixed-fdm-context,synthetic_demo,examples/generate_foam_fixtures.py,holdout,macro,210.0,0.7,0.25,0.0,250.0,0.0,95.39635872760225
holdout-macro-002-s1-r1,holdout-macro-002-s1,holdout-macro-002,batch-holdout-macro-002,synthetic-foaming-polymer-A,synthetic-fixed-fdm-context,synthetic_demo,examples/generate_foam_fixtures.py,holdout,macro,210.0,0.7,0.45,0.0,250.0,0.0,255.5141145353428
holdout-macro-002-s1-r2,holdout-macro-002-s1,holdout-macro-002,batch-holdout-macro-002,synthetic-foaming-polymer-A,synthetic-fixed-fdm-context,synthetic_demo,examples/generate_foam_fixtures.py,holdout,macro,210.0,0.7,0.45,0.0,250.0,0.0,256.5382192028191
holdout-macro-002-s2-r1,holdout-macro-002-s2,holdout-macro-002,batch-holdout-macro-002,synthetic-foaming-polymer-A,synthetic-fixed-fdm-context,synthetic_demo,examples/generate_foam_fixtures.py,holdout,macro,210.0,0.7,0.45,0.0,250.0,0.0,258.0820955859492
holdout-macro-002-s2-r2,holdout-macro-002-s2,holdout-macro-002,batch-holdout-macro-002,synthetic-foaming-polymer-A,synthetic-fixed-fdm-context,synthetic_demo,examples/generate_foam_fixtures.py,holdout,macro,210.0,0.7,0.45,0.0,250.0,0.0,259.11649276264643
holdout-macro-003-s1-r1,holdout-macro-003-s1,holdout-macro-003,batch-holdout-macro-003,synthetic-foaming-polymer-A,synthetic-fixed-fdm-context,synthetic_demo,examples/generate_foam_fixtures.py,holdout,macro,210.0,0.7,0.65,0.0,250.0,0.0,477.4262879078428
holdout-macro-003-s1-r2,holdout-macro-003-s1,holdout-macro-003,batch-holdout-macro-003,synthetic-foaming-polymer-A,synthetic-fixed-fdm-context,synthetic_demo,examples/generate_foam_fixtures.py,holdout,macro,210.0,0.7,0.65,0.0,250.0,0.0,479.33982012390624
holdout-macro-003-s2-r1,holdout-macro-003-s2,holdout-macro-003,batch-holdout-macro-003,synthetic-foaming-polymer-A,synthetic-fixed-fdm-context,synthetic_demo,examples/generate_foam_fixtures.py,holdout,macro,210.0,0.7,0.65,0.0,250.0,0.0,482.22454205767025
holdout-macro-003-s2-r2,holdout-macro-003-s2,holdout-macro-003,batch-holdout-macro-003,synthetic-foaming-polymer-A,synthetic-fixed-fdm-context,synthetic_demo,examples/generate_foam_fixtures.py,holdout,macro,210.0,0.7,0.65,0.0,250.0,0.0,484.1573057532922
