execution_id,trial_id,sample_id,batch_id,material_pair,context_id,data_kind,source_ref,approval_status,approval_source_ref,execution_status,executed_at,actual_speed_mm_s,actual_delay_s
EX-0-T03-0,T03,NEW-0-T03-0,FOLLOWUP-0,SYNTHETIC-A / SYNTHETIC-B,synthetic-context-003,synthetic_demo,"synthetic_followup.py independent test function, not model output",demo_only,"synthetic test authorization, not hardware approval",synthetic_execution,2026-10-01T12:00:13+00:00,5.0,3.0
EX-0-T03-1,T03,NEW-0-T03-1,FOLLOWUP-0,SYNTHETIC-A / SYNTHETIC-B,synthetic-context-003,synthetic_demo,"synthetic_followup.py independent test function, not model output",demo_only,"synthetic test authorization, not hardware approval",synthetic_execution,2026-10-01T12:00:14+00:00,5.0,3.0
EX-0-T01-0,T01,NEW-0-T01-0,FOLLOWUP-0,SYNTHETIC-A / SYNTHETIC-B,synthetic-context-003,synthetic_demo,"synthetic_followup.py independent test function, not model output",demo_only,"synthetic test authorization, not hardware approval",synthetic_execution,2026-10-01T12:00:16+00:00,7.5,4.25
EX-0-T01-1,T01,NEW-0-T01-1,FOLLOWUP-0,SYNTHETIC-A / SYNTHETIC-B,synthetic-context-003,synthetic_demo,"synthetic_followup.py independent test function, not model output",demo_only,"synthetic test authorization, not hardware approval",synthetic_execution,2026-10-01T12:00:17+00:00,7.5,4.25
EX-0-T02-0,T02,NEW-0-T02-0,FOLLOWUP-0,SYNTHETIC-A / SYNTHETIC-B,synthetic-context-003,synthetic_demo,"synthetic_followup.py independent test function, not model output",demo_only,"synthetic test authorization, not hardware approval",synthetic_execution,2026-10-01T12:00:19+00:00,7.7,2.0
EX-0-T02-1,T02,NEW-0-T02-1,FOLLOWUP-0,SYNTHETIC-A / SYNTHETIC-B,synthetic-context-003,synthetic_demo,"synthetic_followup.py independent test function, not model output",demo_only,"synthetic test authorization, not hardware approval",synthetic_execution,2026-10-01T12:00:20+00:00,7.5,2.0
EX-1-T03-0,T03,NEW-1-T03-0,FOLLOWUP-1,SYNTHETIC-A / SYNTHETIC-B,synthetic-context-003,synthetic_demo,"synthetic_followup.py independent test function, not model output",demo_only,"synthetic test authorization, not hardware approval",synthetic_execution,2026-10-01T12:00:13+00:00,5.0,3.0
EX-1-T03-1,T03,NEW-1-T03-1,FOLLOWUP-1,SYNTHETIC-A / SYNTHETIC-B,synthetic-context-003,synthetic_demo,"synthetic_followup.py independent test function, not model output",demo_only,"synthetic test authorization, not hardware approval",synthetic_execution,2026-10-01T12:00:14+00:00,5.0,3.0
EX-1-T01-0,T01,NEW-1-T01-0,FOLLOWUP-1,SYNTHETIC-A / SYNTHETIC-B,synthetic-context-003,synthetic_demo,"synthetic_followup.py independent test function, not model output",demo_only,"synthetic test authorization, not hardware approval",synthetic_execution,2026-10-01T12:00:16+00:00,7.5,4.25
EX-1-T01-1,T01,NEW-1-T01-1,FOLLOWUP-1,SYNTHETIC-A / SYNTHETIC-B,synthetic-context-003,synthetic_demo,"synthetic_followup.py independent test function, not model output",demo_only,"synthetic test authorization, not hardware approval",synthetic_execution,2026-10-01T12:00:17+00:00,7.5,4.25
EX-1-T02-0,T02,NEW-1-T02-0,FOLLOWUP-1,SYNTHETIC-A / SYNTHETIC-B,synthetic-context-003,synthetic_demo,"synthetic_followup.py independent test function, not model output",demo_only,"synthetic test authorization, not hardware approval",synthetic_execution,2026-10-01T12:00:19+00:00,7.5,2.0
EX-1-T02-1,T02,NEW-1-T02-1,FOLLOWUP-1,SYNTHETIC-A / SYNTHETIC-B,synthetic-context-003,synthetic_demo,"synthetic_followup.py independent test function, not model output",demo_only,"synthetic test authorization, not hardware approval",synthetic_execution,2026-10-01T12:00:20+00:00,7.5,2.0
EX-2-T03-0,T03,NEW-2-T03-0,FOLLOWUP-2,SYNTHETIC-A / SYNTHETIC-B,synthetic-context-003,synthetic_demo,"synthetic_followup.py independent test function, not model output",demo_only,"synthetic test authorization, not hardware approval",synthetic_execution,2026-10-01T12:00:13+00:00,5.0,3.0
EX-2-T03-1,T03,NEW-2-T03-1,FOLLOWUP-2,SYNTHETIC-A / SYNTHETIC-B,synthetic-context-003,synthetic_demo,"synthetic_followup.py independent test function, not model output",demo_only,"synthetic test authorization, not hardware approval",synthetic_execution,2026-10-01T12:00:14+00:00,5.0,3.0
EX-2-T01-0,T01,NEW-2-T01-0,FOLLOWUP-2,SYNTHETIC-A / SYNTHETIC-B,synthetic-context-003,synthetic_demo,"synthetic_followup.py independent test function, not model output",demo_only,"synthetic test authorization, not hardware approval",synthetic_execution,2026-10-01T12:00:16+00:00,7.5,4.25
EX-2-T01-1,T01,NEW-2-T01-1,FOLLOWUP-2,SYNTHETIC-A / SYNTHETIC-B,synthetic-context-003,synthetic_demo,"synthetic_followup.py independent test function, not model output",demo_only,"synthetic test authorization, not hardware approval",synthetic_execution,2026-10-01T12:00:17+00:00,7.5,4.25
EX-2-T02-0,T02,NEW-2-T02-0,FOLLOWUP-2,SYNTHETIC-A / SYNTHETIC-B,synthetic-context-003,synthetic_demo,"synthetic_followup.py independent test function, not model output",demo_only,"synthetic test authorization, not hardware approval",synthetic_execution,2026-10-01T12:00:19+00:00,7.5,2.0
EX-2-T02-1,T02,NEW-2-T02-1,FOLLOWUP-2,SYNTHETIC-A / SYNTHETIC-B,synthetic-context-003,synthetic_demo,"synthetic_followup.py independent test function, not model output",demo_only,"synthetic test authorization, not hardware approval",synthetic_execution,2026-10-01T12:00:20+00:00,7.5,2.0
