elapsed_time_s,inside_training_domain,predicted_response_um
0.0,True,50.02114267816736
0.5,True,50.419785390139154
1.0,True,50.81530087233375
1.5,True,51.20776158653996
2.0,True,51.59723723865485
2.5,True,51.98379492322723
3.0,True,52.367499258397466
3.5,True,52.74841251200241
4.0,True,53.126594719542176
4.5,True,53.50210379464157
5.0,True,53.87499563258186
5.5,True,54.24532420742665
6.0,True,54.61314166322005
6.5,True,54.97849839969309
7.0,True,55.341443152877474
7.5,True,55.70202307099162
8.0,True,56.060283785933485
