record_id,sample_id,batch_id,material_pair,context_id,data_kind,source_ref,partition,speed_mm_s,delay_s,response_um
R02-CONF-0-0-0,R02-CONF-S-0-0,R02-CONF-B-0,SYNTHETIC-A / SYNTHETIC-B,synthetic-context-003,synthetic_demo,synthetic_campaign.py held-out artificial environment; no physical experiment,holdout,8.5,3.0,475.9528300106676
R02-CONF-0-0-1,R02-CONF-S-0-0,R02-CONF-B-0,SYNTHETIC-A / SYNTHETIC-B,synthetic-context-003,synthetic_demo,synthetic_campaign.py held-out artificial environment; no physical experiment,holdout,8.5,3.0,475.9277527565692
R02-CONF-0-1-0,R02-CONF-S-0-1,R02-CONF-B-0,SYNTHETIC-A / SYNTHETIC-B,synthetic-context-003,synthetic_demo,synthetic_campaign.py held-out artificial environment; no physical experiment,holdout,15.0,1.0,441.721073533616
R02-CONF-0-1-1,R02-CONF-S-0-1,R02-CONF-B-0,SYNTHETIC-A / SYNTHETIC-B,synthetic-context-003,synthetic_demo,synthetic_campaign.py held-out artificial environment; no physical experiment,holdout,15.0,1.0,441.7586400791191
R02-CONF-0-2-0,R02-CONF-S-0-2,R02-CONF-B-0,SYNTHETIC-A / SYNTHETIC-B,synthetic-context-003,synthetic_demo,synthetic_campaign.py held-out artificial environment; no physical experiment,holdout,15.0,5.0,505.61112043673944
R02-CONF-0-2-1,R02-CONF-S-0-2,R02-CONF-B-0,SYNTHETIC-A / SYNTHETIC-B,synthetic-context-003,synthetic_demo,synthetic_campaign.py held-out artificial environment; no physical experiment,holdout,15.0,5.0,505.5735552654477
R02-CONF-0-3-0,R02-CONF-S-0-3,R02-CONF-B-0,SYNTHETIC-A / SYNTHETIC-B,synthetic-context-003,synthetic_demo,synthetic_campaign.py held-out artificial environment; no physical experiment,holdout,5.0,1.0,479.71289988813993
R02-CONF-0-3-1,R02-CONF-S-0-3,R02-CONF-B-0,SYNTHETIC-A / SYNTHETIC-B,synthetic-context-003,synthetic_demo,synthetic_campaign.py held-out artificial environment; no physical experiment,holdout,5.0,1.0,479.6453241807552
R02-CONF-0-4-0,R02-CONF-S-0-4,R02-CONF-B-0,SYNTHETIC-A / SYNTHETIC-B,synthetic-context-003,synthetic_demo,synthetic_campaign.py held-out artificial environment; no physical experiment,holdout,5.0,5.0,527.8379861501336
R02-CONF-0-4-1,R02-CONF-S-0-4,R02-CONF-B-0,SYNTHETIC-A / SYNTHETIC-B,synthetic-context-003,synthetic_demo,synthetic_campaign.py held-out artificial environment; no physical experiment,holdout,5.0,5.0,527.8293316206144
R02-CONF-0-5-0,R02-CONF-S-0-5,R02-CONF-B-0,SYNTHETIC-A / SYNTHETIC-B,synthetic-context-003,synthetic_demo,synthetic_campaign.py held-out artificial environment; no physical experiment,holdout,14.0,3.0,466.2937771147575
R02-CONF-0-5-1,R02-CONF-S-0-5,R02-CONF-B-0,SYNTHETIC-A / SYNTHETIC-B,synthetic-context-003,synthetic_demo,synthetic_campaign.py held-out artificial environment; no physical experiment,holdout,14.0,3.0,466.2575857280298
R02-CONF-1-0-0,R02-CONF-S-1-0,R02-CONF-B-1,SYNTHETIC-A / SYNTHETIC-B,synthetic-context-003,synthetic_demo,synthetic_campaign.py held-out artificial environment; no physical experiment,holdout,8.5,3.0,475.67753116569787
R02-CONF-1-0-1,R02-CONF-S-1-0,R02-CONF-B-1,SYNTHETIC-A / SYNTHETIC-B,synthetic-context-003,synthetic_demo,synthetic_campaign.py held-out artificial environment; no physical experiment,holdout,8.5,3.0,475.75398709152046
R02-CONF-1-1-0,R02-CONF-S-1-1,R02-CONF-B-1,SYNTHETIC-A / SYNTHETIC-B,synthetic-context-003,synthetic_demo,synthetic_campaign.py held-out artificial environment; no physical experiment,holdout,15.0,1.0,441.7121266294988
R02-CONF-1-1-1,R02-CONF-S-1-1,R02-CONF-B-1,SYNTHETIC-A / SYNTHETIC-B,synthetic-context-003,synthetic_demo,synthetic_campaign.py held-out artificial environment; no physical experiment,holdout,15.0,1.0,441.7272088562278
R02-CONF-1-2-0,R02-CONF-S-1-2,R02-CONF-B-1,SYNTHETIC-A / SYNTHETIC-B,synthetic-context-003,synthetic_demo,synthetic_campaign.py held-out artificial environment; no physical experiment,holdout,15.0,5.0,505.56155080947116
R02-CONF-1-2-1,R02-CONF-S-1-2,R02-CONF-B-1,SYNTHETIC-A / SYNTHETIC-B,synthetic-context-003,synthetic_demo,synthetic_campaign.py held-out artificial environment; no physical experiment,holdout,15.0,5.0,505.49416808016315
R02-CONF-1-3-0,R02-CONF-S-1-3,R02-CONF-B-1,SYNTHETIC-A / SYNTHETIC-B,synthetic-context-003,synthetic_demo,synthetic_campaign.py held-out artificial environment; no physical experiment,holdout,5.0,1.0,479.5631590031002
R02-CONF-1-3-1,R02-CONF-S-1-3,R02-CONF-B-1,SYNTHETIC-A / SYNTHETIC-B,synthetic-context-003,synthetic_demo,synthetic_campaign.py held-out artificial environment; no physical experiment,holdout,5.0,1.0,479.56220788136494
R02-CONF-1-4-0,R02-CONF-S-1-4,R02-CONF-B-1,SYNTHETIC-A / SYNTHETIC-B,synthetic-context-003,synthetic_demo,synthetic_campaign.py held-out artificial environment; no physical experiment,holdout,5.0,5.0,527.6605082417624
R02-CONF-1-4-1,R02-CONF-S-1-4,R02-CONF-B-1,SYNTHETIC-A / SYNTHETIC-B,synthetic-context-003,synthetic_demo,synthetic_campaign.py held-out artificial environment; no physical experiment,holdout,5.0,5.0,527.6875140044091
R02-CONF-1-5-0,R02-CONF-S-1-5,R02-CONF-B-1,SYNTHETIC-A / SYNTHETIC-B,synthetic-context-003,synthetic_demo,synthetic_campaign.py held-out artificial environment; no physical experiment,holdout,14.0,3.0,466.0390714957523
R02-CONF-1-5-1,R02-CONF-S-1-5,R02-CONF-B-1,SYNTHETIC-A / SYNTHETIC-B,synthetic-context-003,synthetic_demo,synthetic_campaign.py held-out artificial environment; no physical experiment,holdout,14.0,3.0,466.0185306257502
